edge_id;from;to;flow
-38882688#1;674032308;292196375;0.98
727715778;6570615651;3450194566;0.88
-85998572;6564427653;418762926;0.87
-863812553#0;461904661;3734564756;0.87
-98219801;1136253012;1136247053;0.86
220308739;461889789;6570615651;0.86
257675022;2631567586;2631567572;0.86
337944376;3450194566;461904730;0.86
446146120;2650598984;2631675887;0.86
730423881;cluster_719065307_719065650;6842513229;0.86
85998574#0;cluster_3450194535_3450194536_3450194559_461891455;674226424;0.86
903757106;4148965688;5268060649;0.86
976064442;9032747232;2650598984;0.86
98220043#7;1136250910;cluster_1136247008_2650550123;0.86
997141716;2631567564;2631567577;0.86
-368735347#2;686822428;2631705616;0.85
-376301524#1;807143059;715598554;0.85
-376301524#4;717715399;807143059;0.85
155109982;294519414;1684366269;0.85
209443772#0;1675451814;1675451805;0.85
209443772#1;209443772#1-AddedOnRampNode;1684366237;0.85
209443772#1-AddedOnRampEdge;1675451805;209443772#1-AddedOnRampNode;0.85
209443772#2;209443772#2-AddedOnRampNode;209443772#2-AddedOffRampNode;0.85
209443772#2-AddedOffRampEdge;209443772#2-AddedOffRampNode;2565986050;0.85
209443772#2-AddedOnRampEdge;1684366237;209443772#2-AddedOnRampNode;0.85
369991622;1684366269;369991622-AddedOffRampNode;0.85
369991622-AddedOffRampEdge;369991622-AddedOffRampNode;1675451814;0.85
66764680#0;807143059;3780624615;0.85
85998574#1;674226424;461904640;0.85
-98220043#6;1136250910;1136246861;0.84
85998574#2;461904640;292205846;0.84
997141718;2631567572;2631567561;0.84
-131253376#0;719065128;cluster_719065307_719065650;0.83
-319674206;1603979987;717715399;0.83
-769570652;3450194563;292206234;0.83
53731183#1-AddedOnRampEdge;461904730;53731183#1-AddedOnRampNode;0.83
85998576;418762926;3734564756;0.83
997141717;2631567561;2631567564;0.83
53731186;292205846;418762926;0.82
863114957#0;2178370384;4148965688;0.82
-1068897312#2;719065134;719065615;0.81
-38882688#0;292196375;461889789;0.81
-80186402#1;935539940;935540067;0.81
334461376#0;2650550082;1136253012;0.81
98220043#9;cluster_1136247008_2650550123;2650550082;0.81
-131253373#0;6478384026;719065128;0.8
370163290;3738879890;1744429179;0.79
85998572;418762926;6564427653;0.76
-413607248;4148967289;4148965688;0.74
863812553#0;3734564756;461904661;0.73
997141714;2631567579;2631567586;0.7
-690511446;6478384029;6478384026;0.69
53731183#1;53731183#1-AddedOnRampNode;cluster_3450194535_3450194536_3450194559_461891455;0.67
26640123;6661281496;292205772;0.66
-863121402;cluster_278814744_3184179587_622788780;278814743;0.52
510022602#2;4991308034;4991308035;0.52
-419681616#0;4991308032;461904471;0.39
38882688#1;292196375;674032308;0.33
564521470;2650598989;9032747232;0.33
-1000639354;9236463293;719070630;0.0
-100956974#0;1166259041;717703050;0.0
-100957047;1166259111;1166259041;0.0
-100957056#1;1166259055;1166259283;0.0
-1014588116;1287930386;461890549;0.0
-1014588117#0;695556710;621447469;0.0
-1014588117#2;461890545;695556710;0.0
-1014603648;278814743;5268060649;0.0
-101787389#1;1137796496;7147348420;0.0
-101787389#2;1137796469;1137796496;0.0
-1021118269;686822418;686822428;0.0
-1021118270#5;1137796469;6087903962;0.0
-104783655;1208607652;1208607642;0.0
-1064164653#0;772081284;6290166912;0.0
-1064164653#1;9773672956;772081284;0.0
-106550056;1225652520;1225652251;0.0
-106565699;1225881390;1225880893;0.0
-106565700#0;1225946565;1225880893;0.0
-106565700#1;1225880746;1225946565;0.0
-106571470#2;2179728424;1225881125;0.0
-106682043;1227155116;1227155314;0.0
-106682054#0;1227155116;1227155179;0.0
-106682054#2;1227155398;1227155116;0.0
-1066920921#1;1878842884;719065321;0.0
-1066920921#4;719073341;1878842884;0.0
-1068897312#1;719065615;726562086;0.0
-1068897312#3;726579243;719065134;0.0
-1097489394;cluster_3731440632_686792411;935539989;0.0
-1097493784;674273788;461904116;0.0
-1104375917;2200286585;cluster_1682185639_3045329072_3045329077_3045329080;0.0
-1112296911;10175990392;10175990384;0.0
-113050825#3;695547273;695547248;0.0
-113591024#1;1287984091;cluster_1287984161_935539939;0.0
-1228413140#1;11391796798;719065515;0.0
-1234360587#1;719065601;719065678;0.0
-124614729;3736282281;686822447;0.0
-124614742;686822499;3736282268;0.0
-124614747#0;686822462;3736282281;0.0
-124614747#1;1015017929;686822462;0.0
-124614753;686822470;686822483;0.0
-124614762;686822510;1386606842;0.0
-124766961#1;1137796451;1137747525;0.0
-124766961#2;1137747546;1137796451;0.0
-124766961#3;1137796468;1137747546;0.0
-124766961#4;1137796465;1137796468;0.0
-124766961#5;1137747532;1137796465;0.0
-124777541#6;715599471;715598770;0.0
-124797121;1387795082;878490183;0.0
-124797123#0;717797646;717797504;0.0
-124797123#1;2195004454;717797646;0.0
-124797124#1;1387795074;717797534;0.0
-124797124#2;717797504;1387795074;0.0
-124797127#1;1387795074;7498874349;0.0
-124797127#2;1387794987;1387795074;0.0
-1261871566;11724827882;cluster_11724827877_11724827878;0.0
-1270580092#0;686822428;2631705661;0.0
-1278864559#1;686822106;11191108354;0.0
-1289060833#2;686822339;cluster_686745412_686822279;0.0
-1301356096;1227155314;34522818;0.0
-1302724481;34522821;2566251116;0.0
-131234621#0;3736282266;2933360323;0.0
-131234621#1;7131015933;3736282266;0.0
-131234622;686822482;1015017929;0.0
-131253373#1;1444975252;6478384026;0.0
-131253374;9437374416;1444975371;0.0
-131253376#1;719065550;719065128;0.0
-131253376#2;719065622;719065550;0.0
-131253378;cluster_719065391_719065476;1444975192;0.0
-143057214;674273849;674273788;0.0
-143061634;674095528;674095529;0.0
-147191600#5;695547667;695547273;0.0
-155109974#4;695547248;538383717;0.0
-165401095#1;1769508610;1769507901;0.0
-176851102#1;728273068;1880422477;0.0
-176851102#3;728273115;728273068;0.0
-176851105;728273115;719065590;0.0
-176851113#2;719065590;719065515;0.0
-176851113#4;719065382;719065590;0.0
-176851115#1;728273040;728269795;0.0
-177301814;7166237755;1877558944;0.0
-177301837;1877559060;715759700;0.0
-177427888#0;719090113;719089921;0.0
-177427888#1;719089768;719090113;0.0
-177427891#0;719089955;2933341520;0.0
-177427891#1;719089921;719089955;0.0
-177428766;1878842375;1878842397;0.0
-201554042#0;1015822846;1015817081;0.0
-201554042#1;773478949;1015822846;0.0
-201554058#1;1015817081;2115643151;0.0
-201558157#0;2115710642;cluster_11724827877_11724827878;0.0
-201558157#1;1015081974;2115710642;0.0
-201558157#4;941384576;1015081974;0.0
-201558159;941384576;941308143;0.0
-201558172;941289377;1015081974;0.0
-201567418#1;2115870572;2115870391;0.0
-201567431#1;1016040547;1016040607;0.0
-201567461#0;1016030000;772081266;0.0
-201567461#1;1015081936;1016030000;0.0
-201567461#4;772081298;1015081936;0.0
-201574226;1015102221;941308143;0.0
-201587239#0;1016040607;2116126265;0.0
-201587239#1;2116126239;1016040607;0.0
-201587840#0;1016030004;1015081936;0.0
-201587840#2;2115870572;1016030004;0.0
-201587840#3;1016029989;2115870572;0.0
-201624105#0;773238806;1017730972;0.0
-201624105#1;773238807;773238806;0.0
-201624105#4;772081284;773238807;0.0
-201835024#0;2567631227;2116515412;0.0
-202399727#1;2123713368;2123713363;0.0
-203097072#0;1225880607;1225946619;0.0
-203097072#1;1225880893;1225880607;0.0
-207602447#2;966707418;cluster_1139328684_1139328775;0.0
-207602447#3;2178560818;966707418;0.0
-207602457;941384561;2115710642;0.0
-207625916;686792403;2663750270;0.0
-207625917;985045838;873563448;0.0
-207625920;2371568724;1137747532;0.0
-207625934;686792766;1607930811;0.0
-207626643#1;2178769368;3259835731;0.0
-207637464#1;1139328824;1139328669;0.0
-207719090#0;1225946619;1225946613;0.0
-207719090#1;1225946577;1225946619;0.0
-207719090#2;1225946565;1225946577;0.0
-207719092#3;2179728479;1225880715;0.0
-207719105#4;cluster_1225652382_6578749326;1225881125;0.0
-209011824#6;2192559852;695547387;0.0
-209011825#1;695547248;2192559745;0.0
-209082521#7;cluster_715598886_715599315;695559961;0.0
-209082524;1136250085;1136249496;0.0
-209082527;2193111331;461890609;0.0
-209082530;2193111336;1136249496;0.0
-209091170#8;cluster_2193189449_2193189486;cluster_12094827156_12097596056;0.0
-209174438;1141237475;1136253791;0.0
-209179339#0;1166259003;1166259296;0.0
-209179339#1;7617482385;1166259003;0.0
-209179340#0;1166259209;1166259107;0.0
-209179340#2;1166259305;1166259209;0.0
-209201831;1136249496;1136253331;0.0
-209201834;1136249570;1136250085;0.0
-209215498;461890677;717703050;0.0
-209215499#1;2194461203;1166259111;0.0
-209215500;461890693;1166259091;0.0
-209219202;1136247156;2194490123;0.0
-209241369#1;715642781;1136247156;0.0
-209241369#19;7117278395;715642804;0.0
-209241369#22;715642937;7117278395;0.0
-209241369#7;715642804;715642781;0.0
-209248528;2194734768;1136247404;0.0
-209249487#0;717702981;1164890463;0.0
-209249487#1;461890693;717702981;0.0
-209259404#2;717702973;717703180;0.0
-209259407#1;717703168;717702973;0.0
-209259422#2;717703131;717703168;0.0
-209269005;719070631;717725023;0.0
-209277490;719070625;719070631;0.0
-209277502;2195004461;1387794987;0.0
-209277516#3;717797509;1387794987;0.0
-209433637#6;1225652494;726562086;0.0
-209433637#7;1225880494;1225652494;0.0
-209433637#8;1225946619;1225880494;0.0
-209433680#2;719065674;726579243;0.0
-209433680#6;7235330207;719065674;0.0
-209433680#7;719065657;7235330207;0.0
-209433680#9;1141849861;719065657;0.0
-214400090#1;772081205;1015081921;0.0
-214400090#2;1016040531;772081205;0.0
-214400092;1015081921;941384576;0.0
-220308738#2;278814366;461904499;0.0
-220308738#4;7114817939;278814366;0.0
-244125307#2;2631705635;2371568724;0.0
-244125310#1;2178561190;cluster_1227155219_2178561185_7494849068;0.0
-244125311#2;686822499;2514751831;0.0
-244125311#6;686822510;686822499;0.0
-244125311#8;686822462;686822510;0.0
-244125311#9;686822463;686822462;0.0
-244132258#1;2194748142;717703109;0.0
-246361753;1136249892;1136251740;0.0
-250086678#0;2565984411;4990212701;0.0
-250086678#3;686822087;2565984411;0.0
-250086678#5;3737083734;686822087;0.0
-250086689#0;4990212701;933736933;0.0
-250100336#8;2631675833;cluster_2566083644_2631675868;0.0
-250276025;2567631151;2567631227;0.0
-250276991#10;2567709276;2567709220;0.0
-250276991#11;1015027003;2567709276;0.0
-250276991#2;2567671580;2567773360;0.0
-250276991#3;2567671615;2567671580;0.0
-250276991#4;2567636954;2567671615;0.0
-250276991#5;2567760918;2567636954;0.0
-250276991#6;2567709294;2567760918;0.0
-250276991#7;773475015;2567709294;0.0
-250276991#8;2567709296;773475015;0.0
-250276991#9;2567709220;2567709296;0.0
-250280383#0;2567671595;2567636954;0.0
-250280383#1;2567671580;2567671595;0.0
-250285869;2567709276;2567709264;0.0
-250285871;2567709220;2567709189;0.0
-250285875;2567709296;cluster_2599605967_773477517;0.0
-250292616#0;2567760906;2567760918;0.0
-250292616#1;773474103;2567760906;0.0
-250292616#2;2567760902;773474103;0.0
-250292618;2567760906;2567709294;0.0
-250294198#0;2567671615;2567671562;0.0
-250294198#1;2567671595;2567671615;0.0
-253557194#1;2194131035;cluster_1136247278_3732912605;0.0
-253557195#0;1136247404;cluster_1136247278_3732912605;0.0
-253557195#2;2631659919;1136247404;0.0
-254237235#3;2600304134;cluster_3527866944_3527866948;0.0
-254237235#7;2631659772;2600304134;0.0
-257684424#3;1607909310;cluster_1136247278_3732912605;0.0
-257690252#0;2631705661;686822445;0.0
-257690252#1;2631705616;2631705661;0.0
-257769483#0;2194182641;3732978330;0.0
-257769483#1;1136250073;2194182641;0.0
-257769483#2;1136251180;1136250073;0.0
-259619727#0;2650550947;3732893039;0.0
-26640487;5268060649;278814743;0.0
-288104875#10;935539971;cluster_2180390976_2916459410_935539899;0.0
-288104875#11;935540067;935539971;0.0
-289599543#1;1137747525;2565984411;0.0
-289794264#0;2933341520;719089955;0.0
-289794264#1;2933341516;2933341520;0.0
-289794296#6;1137739286;1225652401;0.0
-289794301#1;2933341539;2933341520;0.0
-289794309#1;2188631723;719065617;0.0
-295021292#1;686822458;2986789482;0.0
-295026431;1386606748;686822483;0.0
-295192504;2989024645;cluster_7181120639_9207664593;0.0
-297337158#4;715598866;715598666;0.0
-297693829#0;7077194602;686822265;0.0
-297693829#1;686822132;7077194602;0.0
-297693832#0;686822133;3015897880;0.0
-297693832#1;686792685;686822133;0.0
-300197806;2594919189;2193189599;0.0
-300198414;2594919176;cluster_2193189449_2193189486;0.0
-307669477;3128741687;3128741688;0.0
-319674205#0;715759700;728269795;0.0
-320029967#0;cluster_1139328684_1139328775;1137739283;0.0
-320210933#1;1166259283;461890657;0.0
-320335709#2;8205734179;717703168;0.0
-320335709#4;715642959;8205734179;0.0
-320335709#5;715598988;715642959;0.0
-333846925#1;1137747532;1137796469;0.0
-333846928;2650611266;933736933;0.0
-334461376#1;1136253012;2650550082;0.0
-344154117#1;cluster_2631567597_2631567598;686822310;0.0
-368742218#0;2631705661;686822463;0.0
-369119776;621447467;621447458;0.0
-369119777;621447458;935540105;0.0
-369119778;935540105;935540128;0.0
-369119779#1;935540105;cluster_292199335_935539995;0.0
-369505146;1136247888;2650550947;0.0
-369511431;1136248709;1136250737;0.0
-369540494#3;2565985875;2565986000;0.0
-369890250;3736282269;3736282266;0.0
-369921066#1;cluster_3732941168_686822156;1136247885;0.0
-370035944#1;3737604450;1787861700;0.0
-370037212#1;3736282279;7131140539;0.0
-376301527#3;715599085;715066056;0.0
-376302310;715598472;717715350;0.0
-376302311;715066048;715598554;0.0
-376302312#0;715598890;715599471;0.0
-376302312#1;717715350;715598890;0.0
-376302313#1;715599471;715066048;0.0
-376304856#1;719065144;719089768;0.0
-376304856#2;719065321;719065144;0.0
-376304857#0;719065211;719065398;0.0
-376304857#1;719090096;719065211;0.0
-376304857#2;1878842479;719090096;0.0
-376304857#3;719089768;1878842479;0.0
-376304859;719065398;2933341516;0.0
-376332577#2;3780624615;807143059;0.0
-376333335;715599085;cluster_715598886_715599315;0.0
-376334049#4;717687928;717688294;0.0
-376334050;717687909;717688294;0.0
-376334597#0;719073238;4912364265;0.0
-376334597#5;715599424;719073238;0.0
-376334598#0;717688277;717687909;0.0
-376336136#2;717703180;717703210;0.0
-38536191;1225881080;7498684946;0.0
-386165174#5;2600304134;cluster_3041172991_9557355004;0.0
-38882688#2;674095645;674032308;0.0
-38882688#3;cluster_2433850374_461889598;674095645;0.0
-38882690;461891443;461890814;0.0
-38883323;461904640;674059121;0.0
-38883328#1;461904826;461904819;0.0
-38883330#3;933830814;461904770;0.0
-38883334;6098448710;cluster_2433850374_461889598;0.0
-38883335#1;461904655;292205846;0.0
-38883341#0;461904819;1631051572;0.0
-38883341#2;461904770;461904819;0.0
-38883341#6;292203373;461904770;0.0
-397738613;cluster_292199335_935539995;461891443;0.0
-414350116;461890547;621447467;0.0
-41947140;878490183;34522821;0.0
-419681616#1;933773243;4991308032;0.0
-419681616#2;461904422;933773243;0.0
-42373365#1;528983519;1015081907;0.0
-42373365#2;772081391;528983519;0.0
-445315926#1;cluster_1287984161_935539939;873563421;0.0
-445315926#3;935540177;cluster_1287984161_935539939;0.0
-449550516#3;5853297107;cluster_3731440632_686792411;0.0
-469349220#1;2631675802;2631675833;0.0
-471683739;1015027003;2115771445;0.0
-475037415;873563448;461890549;0.0
-484799634#1;717687931;715598735;0.0
-48975951;461890814;cluster_461890965_461891404;0.0
-490905312;367090969;1137739286;0.0
-500090840#1;4912364265;717688277;0.0
-501131691#1;2631675883;cluster_2566083644_2631675868;0.0
-510022602#1;4991308034;4991308032;0.0
-510022602#2;4991308035;4991308034;0.0
-510022606#1;4991308041;4991308034;0.0
-510064052;4991619328;4991619327;0.0
-511312541#1;686822265;4990212701;0.0
-522386493#1;292205772;3265926548;0.0
-522386493#2;6757771316;292205772;0.0
-53275488#1;674095498;674095514;0.0
-53275488#2;674095746;674095498;0.0
-53275493#2;674095514;674095575;0.0
-53275493#3;674095470;674095514;0.0
-53275525;2434322537;674095498;0.0
-53275528#0;674095575;698427727;0.0
-53275528#1;674095589;674095575;0.0
-53275549#3;674095645;7310098900;0.0
-53275556#1;4991619327;2123717241;0.0
-53275556#2;674095835;4991619327;0.0
-53275606#1;461904422;674095865;0.0
-53292011;674249156;461904661;0.0
-53293145;674273772;674273788;0.0
-53293172#2;461904148;461904109;0.0
-53301484#5;674315601;674315410;0.0
-53350683#0;622788769;8531217376;0.0
-53350683#2;674095865;622788769;0.0
-53350684#0;674095835;674095865;0.0
-53350684#10;461889823;2123713363;0.0
-53350684#4;2123713363;674095835;0.0
-53350685;461904059;461904053;0.0
-53350687;935167343;461904663;0.0
-53731180;461904754;461904655;0.0
-54532839#8;686792765;686822341;0.0
-54532848;686822261;686822133;0.0
-54532861#0;686792755;1141237597;0.0
-54532861#1;686822264;686792755;0.0
-54532861#4;686822265;686822264;0.0
-54532887#1;686822356;7052637088;0.0
-54532888#2;1607930811;7052637085;0.0
-54532897#0;686822463;686822447;0.0
-54532897#1;686822470;686822463;0.0
-54532897#2;686822483;686822470;0.0
-54532899#1;1386606748;686822482;0.0
-54532899#2;686822458;1386606748;0.0
-546612506#1;cluster_1682185639_3045329072_3045329077_3045329080;6025151020;0.0
-548139424#0;1877558944;715759986;0.0
-548139424#1;719065167;1877558944;0.0
-550689003;966707522;773478949;0.0
-550689004#1;1015027003;966707522;0.0
-55360544;2192559745;695547387;0.0
-55361274#2;695556696;695556636;0.0
-55361275#1;695556636;695556663;0.0
-55361279#0;695556663;cluster_292199335_935539995;0.0
-55361279#1;695556675;695556663;0.0
-55361355;695559961;695546930;0.0
-55565348#2;674095528;698427727;0.0
-556437693;1139273351;461890609;0.0
-57718353#1;715598754;715066056;0.0
-57718353#2;715598943;715598754;0.0
-57718353#4;717687909;715598943;0.0
-57721138#6;715598988;715066056;0.0
-57721141#2;715643058;715642804;0.0
-57721141#3;715642974;715643058;0.0
-57721147#2;715643096;7117278395;0.0
-57721147#3;7245842595;715643096;0.0
-57721148#3;695547387;695546930;0.0
-57721150#1;2194490123;461890663;0.0
-57721154;715066056;715599085;0.0
-57721155#2;1136247156;715643096;0.0
-57721158#1;717702973;461890687;0.0
-57847528#0;717688242;717688229;0.0
-57847528#3;717688277;717688242;0.0
-57847530#1;cluster_717688002_717688319;717688148;0.0
-57847532;717688242;10746724296;0.0
-57847533;717688157;715598943;0.0
-57847535#0;717688148;715642959;0.0
-57847542#0;717688123;715598889;0.0
-57847543#0;6856734102;715599269;0.0
-57847543#1;717688245;6856734102;0.0
-57847544;cluster_717688002_717688319;717687926;0.0
-57847546#1;717688247;715599400;0.0
-57847549#2;717688307;717688123;0.0
-57847551;717688294;717687928;0.0
-57849895#4;717703136;717703036;0.0
-57849895#5;717703125;717703136;0.0
-57849896#5;717703081;715642781;0.0
-57849896#9;2194461252;717703081;0.0
-57851094;1139093474;717715391;0.0
-57851101#1;717715340;717715269;0.0
-57851107#3;717715343;cluster_715598886_715599315;0.0
-57851107#4;717715391;717715343;0.0
-57851107#9;461890657;717715391;0.0
-57851112#0;717715269;cluster_715598886_715599315;0.0
-57851112#1;2192774322;717715269;0.0
-57851113;717715522;715599341;0.0
-57853979#0;717797509;717797615;0.0
-57853979#1;717797555;717797509;0.0
-57853979#2;717797493;717797555;0.0
-57853979#3;717797647;717797493;0.0
-57853979#5;717797593;717797647;0.0
-57853979#6;717797544;717797593;0.0
-57853980;717797477;717797543;0.0
-57853981#1;717797593;717797671;0.0
-57853982;717797544;717797679;0.0
-57853985#0;2195004461;717797555;0.0
-57853985#1;717797504;2195004461;0.0
-57853986#0;717797543;717797490;0.0
-57853986#1;717797493;717797543;0.0
-57941238;719035844;cluster_719035896_719035941;0.0
-57941247#1;719035817;719035886;0.0
-57941248#1;719035817;1880422307;0.0
-57942571#0;719065547;719065596;0.0
-57942571#1;719065141;719065547;0.0
-57942572#3;719065639;719065216;0.0
-57942572#6;719065539;719065639;0.0
-57942572#7;719065386;719065539;0.0
-57942572#8;719073219;719065386;0.0
-57942572#9;719073292;719073219;0.0
-57942574#1;cluster_12065174404_719065610;719065601;0.0
-57942574#2;719065294;cluster_12065174404_719065610;0.0
-57942575;719065653;cluster_719065275_719065663;0.0
-57942576#0;719065190;719065182;0.0
-57942576#1;719090102;719065190;0.0
-57942577#0;cluster_719065391_719065476;719065550;0.0
-57942580#0;1444975371;719065674;0.0
-57942580#2;719065150;1444975371;0.0
-57942582#1;719065547;719065504;0.0
-57942583;719065134;cluster_719065307_719065650;0.0
-57942584#0;807103605;367090915;0.0
-57942584#1;719065254;807103605;0.0
-57942585#3;719065602;719065254;0.0
-57942585#4;2161043716;719065602;0.0
-57942589;719065507;719035974;0.0
-57942590#1;719065538;719065306;0.0
-57942590#2;719065182;719065538;0.0
-57942591#2;719065305;cluster_719065391_719065476;0.0
-57942593#0;719065141;719065639;0.0
-57942593#1;719065281;719065141;0.0
-57942594#1;719065617;11391796798;0.0
-57942594#10;719073378;725402764;0.0
-57942594#16;cluster_719073240_725402842;719073378;0.0
-57942594#17;719073378;cluster_719073240_725402842;0.0
-57942594#4;725402903;719065617;0.0
-57942594#9;725402764;725402903;0.0
-57942596;719065190;719065538;0.0
-57942597#0;cluster_719065130_719065551;715759986;0.0
-57942597#1;728269780;cluster_719065130_719065551;0.0
-57942605;719065653;728245360;0.0
-57942607#0;719065539;719065191;0.0
-57942607#2;719065582;719065539;0.0
-57942608#0;6842513226;719065615;0.0
-57942608#1;cluster_719065307_719065650;6842513226;0.0
-57942609;cluster_719065275_719065663;719065281;0.0
-57942610#0;719065463;719065657;0.0
-57942610#7;719065295;719065463;0.0
-57942611;719065504;719065678;0.0
-57942612;719065515;cluster_719065130_719065551;0.0
-57942613#0;10175990392;719065386;0.0
-57942613#1;719065207;10175990392;0.0
-57942614#0;728269795;719065167;0.0
-57942616;719065596;719065619;0.0
-57942617#2;719089924;715759640;0.0
-57944217;719065179;719068663;0.0
-57945270;7926290231;719070631;0.0
-57945271#5;719065602;34522821;0.0
-57945273#2;719070625;719070588;0.0
-57946631;719073219;719073337;0.0
-57946632#1;1878842818;719073388;0.0
-57946632#2;719065144;1878842818;0.0
-57946633#0;9236463293;7463104426;0.0
-57946633#1;719073294;9236463293;0.0
-57946635#3;719073238;719073341;0.0
-57947755#1;719078912;719078917;0.0
-57949095;719089955;719065211;0.0
-57949099;719090096;719089921;0.0
-57949103;9797916461;719065375;0.0
-57949108;719090113;1878842479;0.0
-58530583#0;cluster_719073240_725402842;725402764;0.0
-58530583#1;725402881;cluster_719073240_725402842;0.0
-58530584#2;725402898;725402903;0.0
-58610501;1166259091;461890677;0.0
-58610671;717703136;717702981;0.0
-58611080#0;715599269;715599400;0.0
-58611080#10;715598735;715598889;0.0
-58611080#2;cluster_717688002_717688319;715599269;0.0
-58611080#7;715598580;cluster_717688002_717688319;0.0
-58611080#8;715598889;715598580;0.0
-58611081#6;715598666;717687931;0.0
-58613566;715599400;715598988;0.0
-58640494#4;728245332;726579243;0.0
-58640494#7;1225652322;728245332;0.0
-58759625#2;717797490;717797646;0.0
-58759625#3;717797647;717797490;0.0
-58759626;728245333;728245332;0.0
-58760424#4;719065187;719065600;0.0
-58760425#1;719065299;719065504;0.0
-58760426#0;719065179;cluster_719065391_719065476;0.0
-58760426#2;719065600;719065179;0.0
-58760427#2;719065375;719065306;0.0
-58760427#4;719065398;719065375;0.0
-58760428;719065125;719065600;0.0
-58760435#1;719065150;719065622;0.0
-58760435#2;719065187;719065150;0.0
-58760435#3;719065463;719065187;0.0
-58760437#0;7463104426;719070610;0.0
-58760437#1;719070588;7463104426;0.0
-58760437#4;2161043716;719070588;0.0
-58760438;719065504;719065281;0.0
-58760439#3;719035974;719035886;0.0
-58760439#6;cluster_719035896_719035941;719035974;0.0
-58760439#7;1893385820;cluster_719035896_719035941;0.0
-58761210;728269790;728273115;0.0
-58761606;728272962;728273068;0.0
-58761607;728269795;cluster_719065130_719065551;0.0
-608921524;2631675887;2631675883;0.0
-61934860#2;772081205;772081192;0.0
-61934872#0;528983519;772081266;0.0
-61934872#3;2115907069;528983519;0.0
-61934876;1026436953;772081298;0.0
-62032407;1017730972;1017730962;0.0
-62055379#1;773477546;cluster_2599605967_773477517;0.0
-62055665#0;1025971463;1017730972;0.0
-62055665#1;cluster_1025974314_773477526;1025971463;0.0
-622364503;367090919;717797615;0.0
-622364504;34522818;7498684946;0.0
-625024452;367090965;2178561190;0.0
-625024453#1;cluster_2514751914_2514751916;cluster_1227155219_2178561185_7494849068;0.0
-625575509;292203437;278814366;0.0
-629516620;7147348420;3265945118;0.0
-629516621#1;686822076;686822106;0.0
-629516621#4;2565984276;686822076;0.0
-639294331;418762926;4728913615;0.0
-66755324#5;717703025;717703125;0.0
-66755325#1;461890752;715598866;0.0
-66755326;717703168;717703036;0.0
-66755328#1;807082798;717688148;0.0
-66758837#0;cluster_719035896_719035941;719035817;0.0
-66758842#0;1878842397;719065299;0.0
-66758842#1;719065306;1878842397;0.0
-66758853;7193754749;719065596;0.0
-66758870#2;1387795297;807103605;0.0
-66758871#0;cluster_12065174404_719065610;719065653;0.0
-66758871#1;719065294;cluster_12065174404_719065610;0.0
-66758871#4;6815005443;719065294;0.0
-66758876#1;7235330207;8605467530;0.0
-671725483#0;1015102221;941384561;0.0
-671725483#1;941384576;1015102221;0.0
-688590311;7215523255;935444374;0.0
-688590312;3045103536;461904686;0.0
-699762287;1225881125;34522818;0.0
-700553431#1;1225652401;cluster_1225652382_6578749326;0.0
-700553431#3;1225652520;1225652401;0.0
-700553432#0;1225880659;cluster_1225652382_6578749326;0.0
-700553432#1;1225946577;1225880659;0.0
-700553432#2;1225880607;1225946577;0.0
-700553433;1225881390;1225880746;0.0
-700553434#0;cluster_7181120639_9207664593;1225652520;0.0
-700553434#1;1137739287;cluster_7181120639_9207664593;0.0
-710634802#2;717703081;717703161;0.0
-710881906;6683423211;7123942132;0.0
-717838603#3;1137796469;cluster_1137796477_7442733598;0.0
-718078209#2;715643058;717703175;0.0
-727714808#0;674095470;292203373;0.0
-727714808#2;1145134909;674095470;0.0
-727715074#0;461889584;4991308041;0.0
-727715074#1;1769507901;461889584;0.0
-727715074#2;461889823;1769507901;0.0
-727715074#4;292203373;461889823;0.0
-727715249;4991308041;cluster_2433850374_461889598;0.0
-730423880;6842513227;6842513226;0.0
-730423881;6842513229;cluster_719065307_719065650;0.0
-731154055;6848306614;1141849861;0.0
-731748988;719035768;6852421464;0.0
-732257382;6856734103;6856734102;0.0
-736477243#0;7131140539;6895300328;0.0
-737565192;461889998;461889785;0.0
-73813922#1;2435698202;cluster_686792839_935539954;0.0
-73813922#2;686792846;2435698202;0.0
-73813922#3;cluster_2916459408_2916459409;686792846;0.0
-73813922#5;3774979558;cluster_2916459408_2916459409;0.0
-73813922#6;2180390975;3774979558;0.0
-73813922#7;cluster_292199335_935539995;2180390975;0.0
-73813927#3;2663750270;686792403;0.0
-73813928#0;3128741687;935562868;0.0
-73813928#2;873563428;3128741687;0.0
-73814457#5;686822087;686792755;0.0
-757805116#0;686822254;686822261;0.0
-757805116#1;686822264;686822254;0.0
-757805117;686822252;686822261;0.0
-757805118#0;7077174723;7124599605;0.0
-757805118#1;7077174725;7077174723;0.0
-757805118#2;7077174727;7077174725;0.0
-757849609;1386606842;3736282281;0.0
-759999001#0;717688229;717688233;0.0
-759999001#1;717687926;717688229;0.0
-759999001#2;717688247;717687926;0.0
-759999001#3;715598754;717688247;0.0
-760003965#0;2195004213;7131140539;0.0
-760003965#5;686792766;2195004213;0.0
-760194461#1;686822482;3415489690;0.0
-760194463#4;3738801519;3415489690;0.0
-761772608#0;461890609;2650599023;0.0
-761929572#1;292196376;461904116;0.0
-762424120;7123942132;7123942129;0.0
-765654817;717725023;7150889513;0.0
-769274806#1;1137739287;1137739283;0.0
-770209172;2566251116;719070625;0.0
-770209174#1;717797534;878490183;0.0
-770209174#5;367090915;717797534;0.0
-770214429;717797615;367090915;0.0
-772169722#0;935540205;935540177;0.0
-772169722#3;935540077;935540205;0.0
-772169722#4;cluster_686792839_935539954;935540077;0.0
-77595005#0;912992789;773475015;0.0
-77595005#1;773474103;912992789;0.0
-776158544;717703180;717702985;0.0
-778289602#1;9122924885;2194461203;0.0
-778289603;9122924884;2194461252;0.0
-788234543#0;461890687;1166259140;0.0
-788234543#1;1166259066;461890687;0.0
-788239918;1166259041;1166259305;0.0
-788239919;1166259091;1166259305;0.0
-792454553;717688123;717687931;0.0
-795719889;1137796465;cluster_1137796477_7442733598;0.0
-80030500#2;11246707151;2371568724;0.0
-80030500#3;11246707154;11246707151;0.0
-80030500#4;686822445;11246707154;0.0
-80030500#5;686822447;686822445;0.0
-80030501#1;933736933;2371568724;0.0
-80030524#6;686792765;cluster_2857853858_2857853861;0.0
-80030528#0;1787861700;686792766;0.0
-80030528#1;1787861760;1787861700;0.0
-80030529#1;cluster_1137796476_1175124365;7147348420;0.0
-80030529#4;686822108;cluster_1137796476_1175124365;0.0
-80037087;9462815473;933773243;0.0
-80043007#4;674095746;292203373;0.0
-80043007#7;622788769;674095746;0.0
-80043569#1;7310098900;461889584;0.0
-80043569#6;877641031;7310098900;0.0
-801658884#1;966707418;1139328824;0.0
-80180118;935445302;4993840794;0.0
-80180136#0;4993840794;935444374;0.0
-80180136#1;3734596794;4993840794;0.0
-80186390#0;935539878;935540069;0.0
-80186390#1;935540162;935539878;0.0
-80186391#0;935539900;935539896;0.0
-80186391#1;935539991;935539900;0.0
-80186392#2;935539940;935539971;0.0
-80186393#0;935539878;935540128;0.0
-80186398#1;935540087;2435698202;0.0
-80186399#0;935539896;cluster_1287984161_935539939;0.0
-80186399#1;1287942165;935539896;0.0
-80186400#1;935540128;935540205;0.0
-80186401#2;935539900;935540177;0.0
-80186401#3;1287937059;935539900;0.0
-80186402#0;935540067;935540048;0.0
-80186402#2;6801080072;935539940;0.0
-803648694;1166259140;717703109;0.0
-80701370;772081205;941289377;0.0
-80718334#0;cluster_1025974314_773477526;2118557838;0.0
-80718334#2;1025971475;cluster_1025974314_773477526;0.0
-80718334#3;773238807;1025971475;0.0
-809589704;292196377;674273772;0.0
-809589706;674273772;674273849;0.0
-809589711;461890540;cluster_278814744_3184179587_622788780;0.0
-810822813;2194905097;1166259066;0.0
-812894797;7114821228;715642937;0.0
-812894798;7114821233;461890663;0.0
-812894799#1;461890663;7114821228;0.0
-82265759#10;935540087;cluster_3731440632_686792411;0.0
-82265759#12;cluster_686792839_935539954;935540087;0.0
-82265759#5;873563428;686792403;0.0
-82265759#6;cluster_3731440632_686792411;873563428;0.0
-82266118;cluster_686792839_935539954;958073257;0.0
-827459315;1166259270;461890693;0.0
-827459317#1;717703109;1166259270;0.0
-827459318#1;1166259003;1166259066;0.0
-827459319#0;461890752;2194905097;0.0
-827459319#1;7150889513;461890752;0.0
-83091470#1;773478949;8983007420;0.0
-83091478#1;cluster_2599605967_773477517;966707522;0.0
-83091478#3;912992789;cluster_2599605967_773477517;0.0
-83091479;966707522;34522808;0.0
-83091492;429459536;583485303;0.0
-836883122;715642937;1166259283;0.0
-836895520;1166259111;7114821233;0.0
-860097911;cluster_719065275_719065663;719065216;0.0
-860097912#1;719065678;cluster_719065275_719065663;0.0
-860097914#0;719065216;1141849861;0.0
-863114957#1;4148965688;2178370384;0.0
-863812553#1;7215523255;461904661;0.0
-863812553#2;461904680;7215523255;0.0
-866208287#2;674315410;2200390247;0.0
-87308466#1;1015081921;1015102312;0.0
-87352910#1;1015817081;1015822839;0.0
-87352912;941289377;1015817086;0.0
-87353269;1015822846;1015822860;0.0
-87353465#2;1015076556;966707429;0.0
-87371053;1016030004;1016030000;0.0
-87371081#0;772081391;1015097417;0.0
-87371081#1;1016040547;772081391;0.0
-87371081#2;772081266;1016040547;0.0
-87371085;1015097417;1016040531;0.0
-87371681;1016040531;1016040645;0.0
-877476307;1137739286;1227155314;0.0
-88324894#0;1025954477;1025954475;0.0
-88324894#1;2567631180;1025954477;0.0
-88324895;773238806;1025954477;0.0
-88325495;1025971475;1025971463;0.0
-88325568;1025974316;2567631227;0.0
-88325569;cluster_1025974314_773477526;2118536995;0.0
-88325571#1;2567631151;2116515427;0.0
-88325571#2;1025976339;2567631151;0.0
-893333840;674273849;461890540;0.0
-904367560#5;715759640;719065601;0.0
-904367560#7;715759986;715759640;0.0
-930739001;1166259270;1166259209;0.0
-964896015;719035886;715759700;0.0
-965418527;717703050;9122924885;0.0
-98219769#0;1136247047;1136253326;0.0
-98219769#1;1136247588;1136247047;0.0
-98219775#0;1136247945;2594919177;0.0
-98219775#1;1136247885;1136247945;0.0
-98219775#3;1136247274;1136247885;0.0
-98219775#4;1136247229;1136247274;0.0
-98219792#0;3732978330;1136247229;0.0
-98219816#1;1136248943;1136247274;0.0
-98219822;1136250469;1136249892;0.0
-98219880#2;1136247565;1136250085;0.0
-98219885;1136251266;1136252872;0.0
-98219983#1;2194112290;1136250013;0.0
-98220000#0;1136252444;1136248709;0.0
-98220000#1;1136253669;1136252444;0.0
-98220000#2;1136247201;1136253669;0.0
-98220020#0;1136252872;2194065380;0.0
-98220020#1;1136247071;1136252872;0.0
-98220020#2;1136251380;1136247071;0.0
-98220020#3;1136253669;1136251380;0.0
-98220020#4;1136250957;1136253669;0.0
-98220020#5;1136247053;1136250957;0.0
-98220020#6;cluster_1136247008_2650550123;1136247053;0.0
-98220029#0;1136247667;1136251695;0.0
-98220029#1;9027828595;1136247667;0.0
-98220043#10;2650550082;cluster_1136247008_2650550123;0.0
-98220043#13;2631502540;2650550082;0.0
-98220043#2;1136248247;1136251180;0.0
-98220043#3;1136250386;1136248247;0.0
-98220043#4;1136250013;1136250386;0.0
-98220043#5;1136246861;1136250013;0.0
-98220043#7;cluster_1136247008_2650550123;1136250910;0.0
-98220063#0;1136251828;1136251042;0.0
-98220063#1;1136247071;1136251828;0.0
-98220063#2;9140151985;1136247071;0.0
-98220083#0;1136251740;1136250599;0.0
-98220083#1;3732978330;1136251740;0.0
-98220101#0;1136250599;1136247229;0.0
-98220101#1;1136252185;1136250599;0.0
-98220101#2;1136253242;1136252185;0.0
-98220101#4;2194065380;1136253242;0.0
-98220101#6;1136253791;2194065380;0.0
-98220110#0;1136247118;2194182641;0.0
-98220110#1;1136247498;1136247118;0.0
-98220110#2;1136250957;1136247498;0.0
-98220110#3;1136251148;1136250957;0.0
-98220127#1;1136251042;1136252185;0.0
-98220127#2;1136249892;1136251042;0.0
-98220127#3;1136248709;1136249892;0.0
-98220127#4;1136247118;1136248709;0.0
-98220127#5;1136250462;1136247118;0.0
-98220127#6;1136253326;1136250462;0.0
-98220127#7;1136250386;1136253326;0.0
-98220196;1136250462;1136252612;0.0
-98220203#0;1136251380;1136252704;0.0
-98220203#1;2650550115;1136251380;0.0
-98220310#0;1136247888;1136251180;0.0
-98220310#1;cluster_1136247278_3732912605;1136247888;0.0
-98220335#0;1136251148;1136247201;0.0
-98220335#1;1136253012;1136251148;0.0
-98220400#0;1136251266;1136253791;0.0
-98220400#1;9140151985;1136251266;0.0
-98220400#2;2650550115;9140151985;0.0
-98220400#3;1136247322;2650550115;0.0
-98220434#1;1136253326;1136250073;0.0
-98220441#1;1136251828;1136253242;0.0
-98220441#2;1136252704;1136251828;0.0
-98220441#3;1136252444;1136252704;0.0
-98220441#4;1136247498;1136252444;0.0
-98220441#5;1136247667;1136247498;0.0
-98220441#6;1136247047;1136247667;0.0
-98220441#7;1136246861;1136247047;0.0
-98220463#1;3818266847;1136250910;0.0
-98220480;2194272896;cluster_1136247008_2650550123;0.0
-98347793;cluster_1137796477_7442733598;1137796478;0.0
-98468131;717715400;717715343;0.0
-98468227#1;1136247565;1139247169;0.0
-98471741;461890657;1139273351;0.0
-98478501;1139328648;1139328958;0.0
-98478503#1;cluster_1139328684_1139328775;1139328824;0.0
-98478504#1;1139328648;9365011268;0.0
-98478504#2;1139328958;1139328648;0.0
-98478504#3;1137739287;1139328958;0.0
-98478508#2;7180820612;cluster_7181120639_9207664593;0.0
-98491558;583485303;cluster_1139328684_1139328775;0.0
-98646845#1;cluster_686745412_686822279;686822265;0.0
-98646868#1;686822252;686792685;0.0
-98646868#2;686822255;686822252;0.0
-98646868#3;686792755;686822255;0.0
-987918687;461890549;461890547;0.0
-98928472#0;461904053;461904148;0.0
-98928472#1;461889998;461904053;0.0
-98928472#2;461904422;461889998;0.0
-996773139;9122924885;9122924884;0.0
-997141699;2650599023;985045838;0.0
-997141712#1;cluster_2631675796_3783310974;2631675802;0.0
-997141719;6087903962;686822418;0.0
-997141723#0;686822356;686792765;0.0
-997141723#1;1607930811;686822356;0.0
-997141726#1;2631659772;2631659816;0.0
-997141727#1;cluster_2631567597_2631567598;2631659772;0.0
-997152398;686822341;686822339;0.0
-997152401;4464966904;2631675883;0.0
-997152402;2631675883;2663750270;0.0
-997160554;1137739283;cluster_1806300407_1806300409_3270445169_6571000354;0.0
-997160556;726579220;1225652322;0.0
-997160557#1;2179728424;1225881080;0.0
-997160557#2;726562086;2179728424;0.0
-997160558;7498684946;367090919;0.0
1000639354;719070630;9236463293;0.0
1000874728;674226424;3265926548;0.0
1008721864;7114821233;1166259111;0.0
100956974#0;717703050;1166259041;0.0
100956974#1;1166259041;1166259111;0.0
100956976;1166259066;1166259003;0.0
100956984;1166259209;1166259270;0.0
100957056#0;1166259283;1166259055;0.0
1014588117#1;695556710;461890545;0.0
101787389#0;7147348420;1137796496;0.0
101787389#2;1137796496;1137796469;0.0
101787390;621447469;695556710;0.0
101803460#0;11191108354;cluster_1137796476_1175124365;0.0
1021118270#0;6087903962;1137796469;0.0
104783655;1208607642;1208607652;0.0
1064164653#0;6290166912;772081284;0.0
1064164653#1;772081284;9773672956;0.0
106550056;1225652251;1225652520;0.0
106565695#0;1225652322;1225652494;0.0
106565695#6;1225652494;cluster_1225652382_6578749326;0.0
106565700#0;1225880893;1225946565;0.0
106565700#1;1225946565;1225880746;0.0
106571470#0;1225881125;2179728424;0.0
106611423#0;1225880746;1225880659;0.0
106611423#1;1225880659;1225880494;0.0
106611423#2;1225880494;1225880715;0.0
106611423#3;1225880715;2179728479;0.0
106611423#4;2179728479;726579220;0.0
106682043;1227155314;1227155116;0.0
106682054#0;1227155179;1227155116;0.0
106682054#1;1227155116;1227155398;0.0
1066920921#0;719065321;1878842884;0.0
1066920921#2;1878842884;719073341;0.0
1068897312#2;719065615;719065134;0.0
1068897312#3;719065134;726579243;0.0
1090275792#0;717703180;717702973;0.0
1097484039#1;2631675866;cluster_2566083644_2631675868;0.0
1097493785;674273788;674273849;0.0
1112296911;10175990384;10175990392;0.0
113050825#0;695547248;695547273;0.0
113591024#0;cluster_1287984161_935539939;1287984091;0.0
1213907699;686822418;11246707154;0.0
1218004934;2514751831;2514751832;0.0
1223875566#0;11352015079;2632236780;0.0
1223875567#0;11352015105;2631626994;0.0
1228413140#0;719065515;11391796798;0.0
1228413141;11391796798;719065617;0.0
1234360587#0;719065678;719065601;0.0
1234360587#2;719065601;715759640;0.0
124614729;686822447;3736282281;0.0
124614742;3736282268;686822499;0.0
124614747#0;3736282281;686822462;0.0
124614747#1;686822462;1015017929;0.0
124614753;686822483;686822470;0.0
124614762;1386606842;686822510;0.0
124766961#0;1137747525;1137796451;0.0
124766961#2;1137796451;1137747546;0.0
124766961#3;1137747546;1137796468;0.0
124766961#4;1137796468;1137796465;0.0
124766961#5;1137796465;1137747532;0.0
124777541#0;715598770;715599471;0.0
124778675;717687909;717688277;0.0
124788226;717797544;2514751925;0.0
124797121;878490183;1387795082;0.0
124797123#0;717797504;717797646;0.0
124797123#1;717797646;2195004454;0.0
124797124#0;717797534;1387795074;0.0
124797124#2;1387795074;717797504;0.0
124797127#0;7498874349;1387795074;0.0
124797127#2;1387795074;1387794987;0.0
1261871557#0;8983007419;34522808;0.0
1261871557#1;34522808;966707429;0.0
1261871561;2115771445;cluster_1015081917_2178560750_8983007437;0.0
1261871564#1;cluster_11724827891_8982998993_8983007427;11724827882;0.0
1261871564#2;11724827882;cluster_11724827885_8982998989_8982998992;0.0
1261871566;cluster_11724827877_11724827878;11724827882;0.0
1261871567;11724827889;2115660450;0.0
1261871568#0;8983007420;cluster_11724827885_8982998989_8982998992;0.0
1269464296;11790128633;11790128632;0.0
1269464298;5837087461;11790128633;0.0
1270580092#1;686822428;686822418;0.0
1278864559#0;11191108354;686822106;0.0
131234621#0;2933360323;3736282266;0.0
131234621#1;3736282266;7131015933;0.0
131234622;1015017929;686822482;0.0
131253373#0;719065128;6478384026;0.0
131253373#1;6478384026;1444975252;0.0
131253374;1444975371;9437374416;0.0
131253376#0;cluster_719065307_719065650;719065128;0.0
131253376#1;719065128;719065550;0.0
131253376#2;719065550;719065622;0.0
131286227;935444374;461904686;0.0
1315007243;7123942126;2663750270;0.0
1347039987;cluster_3527866944_3527866948;3041173013;0.0
143061634;674095529;674095528;0.0
147185670;1208607652;2198600996;0.0
147185675;893925048;1208607652;0.0
147191600#0;695547273;695547667;0.0
147588819;2565986000;2565986030;0.0
155109972;155109972-AddedOnRampNode;155109972-AddedOffRampNode;0.0
155109972-AddedOffRampEdge;155109972-AddedOffRampNode;1675451803;0.0
155109972-AddedOnRampEdge;686792866;155109972-AddedOnRampNode;0.0
155109974#0;538383717;695547248;0.0
155109980;461890545;1675451805;0.0
155109981;1675451803;1675451832;0.0
155111830#0;2631627179;686792885;0.0
155111830#1;686792885;686792866;0.0
155304942;155304942-AddedOnRampNode;3738879890;0.0
155304942-AddedOnRampEdge;1677045561;155304942-AddedOnRampNode;0.0
155864743;1675451814;461890545;0.0
156148986;1608589870;1684366237;0.0
156148990;1684366269;1675451832;0.0
156148996;1608589870;984993696;0.0
160030111;1744429186;cluster_1682185639_3045329072_3045329077_3045329080;0.0
160142814;1744429179;674315410;0.0
160142816;674315410;674315601;0.0
162580819;1744429184;3045329100;0.0
162580829;2200430661;5370730243;0.0
165401095#0;1769507901;1769508610;0.0
169468597#0;367090969;cluster_1806300407_1806300409_3270445169_6571000354;0.0
169468597#1;cluster_1806300407_1806300409_3270445169_6571000354;367090965;0.0
176851102#2;728273068;728273115;0.0
176851102#4;728273115;728269790;0.0
176851113#0;719065515;719065590;0.0
176851113#3;719065590;719065382;0.0
176851115#0;728269795;728273040;0.0
177301807;1877558944;7166237755;0.0
177301837;715759700;1877559060;0.0
177427888#1;719090113;719089768;0.0
177427891#1;719089955;719089921;0.0
177427891#2;719089921;719090113;0.0
177428766;1878842397;1878842375;0.0
177428768;1878842884;1878842818;0.0
177428772;1878842818;1878842884;0.0
177624423;1880422477;728273068;0.0
182891381#0;292205772;278814366;0.0
201554042#0;1015817081;1015822846;0.0
201554042#1;1015822846;773478949;0.0
201554058#0;2115643151;1015817081;0.0
201558157#0;cluster_11724827877_11724827878;2115710642;0.0
201558157#1;2115710642;1015081974;0.0
201558157#2;1015081974;941384576;0.0
201558159;941308143;941384576;0.0
201558172;1015081974;941289377;0.0
201560696#0;cluster_1015081917_2178560750_8983007437;2115771445;0.0
201567418#0;2115870391;2115870572;0.0
201567431#0;1016040607;1016040547;0.0
201567461#1;1016030000;1015081936;0.0
201567461#2;1015081936;772081298;0.0
201587239#0;2116126265;1016040607;0.0
201587239#1;1016040607;2116126239;0.0
201587840#0;1015081936;1016030004;0.0
201587840#1;1016030004;2115870572;0.0
201587840#3;2115870572;1016029989;0.0
201624105#0;1017730972;773238806;0.0
201624105#1;773238806;773238807;0.0
201624105#2;773238807;772081284;0.0
201835024#0;2116515412;2567631227;0.0
201835024#1;2567631227;1025974316;0.0
202399727#0;2123713363;2123713368;0.0
203094448#0;3415489690;3738801519;0.0
203097072#1;1225880607;1225880893;0.0
203097072#2;1225880893;1225881390;0.0
207582615;2178405397;2178405427;0.0
207602447#0;cluster_1139328684_1139328775;966707418;0.0
207602447#3;966707418;2178560818;0.0
207602448#0;2178560877;cluster_2178561150_2178561151;0.0
207602449;2178560782;2178560877;0.0
207602452#0;cluster_2178561150_2178561151;2178560853;0.0
207602453;941384576;1015081921;0.0
207602455#0;207602455#0-AddedOnRampNode;cluster_2178561150_2178561151;0.0
207602455#0-AddedOnRampEdge;2989011604;207602455#0-AddedOnRampNode;0.0
207602457;2115710642;941384561;0.0
207602459#0;7494849069;2178561190;0.0
207602460;11790128632;cluster_1015081917_2178560750_8983007437;0.0
207613031;2185980940;3738879889;0.0
207625918;695559961;686792885;0.0
207625932#1;2565986050;2565986030;0.0
207625932#2;2565986030;686733998;0.0
207625932#3;686733998;207625932#3-AddedOffRampNode;0.0
207625932#3-AddedOffRampEdge;207625932#3-AddedOffRampNode;686734000;0.0
207625932#4;686734000;2565985870;0.0
207625932#5;207625932#5-AddedOnRampNode;2514823351;0.0
207625932#5-AddedOnRampEdge;2565985870;207625932#5-AddedOnRampNode;0.0
207625932#6;207625932#6-AddedOnRampNode;686734008;0.0
207625932#6-AddedOnRampEdge;2514823351;207625932#6-AddedOnRampNode;0.0
207625936;1607930811;686792766;0.0
207625941#0;2631705702;cluster_2857853858_2857853861;0.0
207637464#0;1139328669;1139328824;0.0
207719090#0;1225946613;1225946619;0.0
207719090#1;1225946619;1225946577;0.0
207719090#2;1225946577;1225946565;0.0
207719092#0;1225880715;2179728479;0.0
207719105#0;1225881125;cluster_1225652382_6578749326;0.0
207790180;2180390944;2180390950;0.0
207790185#0;2180390975;2180390974;0.0
207790185#1;2180390974;cluster_2180390976_2916459410_935539899;0.0
208972822#0;686792771;2514823355;0.0
208972822#2;2514823355;2514823387;0.0
208972822#3;2514823387;2514785312;0.0
208972822#4;208972822#4-AddedOnRampNode;686792866;0.0
208972822#4-AddedOnRampEdge;2514785312;208972822#4-AddedOnRampNode;0.0
209011824#0;695547387;2192559852;0.0
209011825#0;2192559745;695547248;0.0
209082521#0;695559961;cluster_715598886_715599315;0.0
209082522#1;cluster_715598886_715599315;715599085;0.0
209082524;1136249496;1136250085;0.0
209082527;461890609;2193111331;0.0
209082530;1136249496;2193111336;0.0
209091170#1;cluster_12094827156_12097596056;cluster_2193189449_2193189486;0.0
209091170#10;cluster_2193189449_2193189486;2594919176;0.0
209091173;2193189604;3736548200;0.0
209091175#0;7123942129;2631675866;0.0
209098611;1675451803;1677045561;0.0
209174438;1136253791;1141237475;0.0
209179339#0;1166259296;1166259003;0.0
209179339#1;1166259003;7617482385;0.0
209179340#0;1166259107;1166259209;0.0
209179340#1;1166259209;1166259305;0.0
209179346#0;3041173020;cluster_3041172991_9557355004;0.0
209179354;686734008;686792780;0.0
209183404#1;2631502540;1141237475;0.0
209197812;1136247565;1136247945;0.0
209201831;1136253331;1136249496;0.0
209201834;1136250085;1136249570;0.0
209215498;717703050;461890677;0.0
209215499#0;1166259111;2194461203;0.0
209215500;1166259091;461890693;0.0
209215503#0;461890677;9122924884;0.0
209219202;2194490123;1136247156;0.0
209241369#0;1136247156;715642781;0.0
209241369#2;715642781;715642804;0.0
209241369#20;7117278395;715642937;0.0
209241369#8;715642804;7117278395;0.0
209247026;1166259066;2194905097;0.0
209247027;1166259140;461890687;0.0
209248528;1136247404;2194734768;0.0
209249487#0;1164890463;717702981;0.0
209249487#1;717702981;461890693;0.0
209259407#2;717703168;8205734179;0.0
209259422#0;717703168;717703131;0.0
209269005;717725023;719070631;0.0
209269006;2194905097;461890752;0.0
209269433;719070631;719070625;0.0
209277487;2566251116;34522821;0.0
209277502;1387794987;2195004461;0.0
209277516#0;1387794987;717797509;0.0
209433637#0;726562086;1225652494;0.0
209433637#7;1225652494;1225880494;0.0
209433637#8;1225880494;1225946619;0.0
209433637#9;1225946619;1225880607;0.0
209433680#0;726579243;719065674;0.0
209433680#3;719065674;7235330207;0.0
209433680#7;7235330207;719065657;0.0
209433680#8;719065657;1141849861;0.0
209671327;893925052;893925048;0.0
209879791;cluster_278814744_3184179587_622788780;2200390247;0.0
209887571;cluster_461890965_461891404;292196377;0.0
209887582;cluster_461890965_461891404;5370730244;0.0
214400090#0;1015081921;772081205;0.0
214400090#2;772081205;1016040531;0.0
214400090#3;1016040531;1015097417;0.0
220269443;686792780;cluster_2631567597_2631567598;0.0
220308738#0;461904499;278814366;0.0
220308738#3;278814366;7114817939;0.0
244125306;cluster_2514751914_2514751916;2514751892;0.0
244125307#0;2371568724;2631705635;0.0
244125309;cluster_1227155219_2178561185_7494849068;cluster_2514751914_2514751916;0.0
244125310#0;cluster_1227155219_2178561185_7494849068;2178561190;0.0
244125311#0;2514751831;686822499;0.0
244125311#10;686822463;2631705661;0.0
244125311#3;686822499;686822510;0.0
244125311#7;686822510;686822462;0.0
244125311#9;686822462;686822463;0.0
244125312;2514751919;2514751839;0.0
244125313#0;cluster_2178561150_2178561151;7494849069;0.0
244125313#3;7494849069;cluster_1227155219_2178561185_7494849068;0.0
244125314;2178560853;5837087461;0.0
244125316#0;cluster_2514751914_2514751916;686822530;0.0
244125317;244125317-AddedOnRampNode;2514751925;0.0
244125317-AddedOnRampEdge;686822530;244125317-AddedOnRampNode;0.0
244125318#0;686734008;2514751919;0.0
244125318#3;2514751919;2514751867;0.0
244125319;2514751889;686822530;0.0
244125322;2514751912;cluster_2514751914_2514751916;0.0
244132258#0;717703109;2194748142;0.0
244132259;2514823355;1166259140;0.0
244132260;2514823357;2514823351;0.0
244132261;1166259270;2514785312;0.0
244132262#0;cluster_1136248145_2514823343;cluster_10614936669_10614936670_10614968764;0.0
244132262#1;cluster_10614936669_10614936670_10614968764;244132262#1-AddedOffRampNode;0.0
244132262#1-AddedOffRampEdge;244132262#1-AddedOffRampNode;2514823357;0.0
244132264#0;2514823345;cluster_10614936669_10614936670_10614968764;0.0
244132264#1;cluster_10614936669_10614936670_10614968764;cluster_1136248145_2514823343;0.0
244132265;2514823405;2514823387;0.0
244132266#1;2514823405;717703109;0.0
244132269#1;2514823357;244132269#1-AddedOffRampNode;0.0
244132269#1-AddedOffRampEdge;244132269#1-AddedOffRampNode;2514823405;0.0
244132270#1;244132270#1-AddedOnRampNode;244132270#1-AddedOffRampNode;0.0
244132270#1-AddedOffRampEdge;244132270#1-AddedOffRampNode;2514823345;0.0
244132270#1-AddedOnRampEdge;2514823358;244132270#1-AddedOnRampNode;0.0
244146559;2514953126;686792771;0.0
244146560;2514953140;686792780;0.0
244146562#0;cluster_2631567597_2631567598;2631567586;0.0
250086676;2565985889;2565985875;0.0
250086678#0;4990212701;2565984411;0.0
250086678#1;2565984411;686822087;0.0
250086678#4;686822087;3737083734;0.0
250086679;2565986000;2565985875;0.0
250086685;2631567555;3015897888;0.0
250086689#0;933736933;4990212701;0.0
250086689#1;4990212701;686822265;0.0
250086690#0;686734000;250086690#0-AddedOffRampNode;0.0
250086690#0-AddedOffRampEdge;250086690#0-AddedOffRampNode;2565985889;0.0
250086690#1;2565985889;2565985880;0.0
250086690#2;2565985880;2565985870;0.0
250086692;2565986050;2565986000;0.0
250100336#0;cluster_2566083644_2631675868;2631675833;0.0
250117331#0;2514785308;2566251116;0.0
250276025;2567631227;2567631151;0.0
250276991#0;2567773360;2567671580;0.0
250276991#10;2567709220;2567709276;0.0
250276991#11;2567709276;1015027003;0.0
250276991#3;2567671580;2567671615;0.0
250276991#4;2567671615;2567636954;0.0
250276991#5;2567636954;2567760918;0.0
250276991#6;2567760918;2567709294;0.0
250276991#7;2567709294;773475015;0.0
250276991#8;773475015;2567709296;0.0
250276991#9;2567709296;2567709220;0.0
250280383#0;2567636954;2567671595;0.0
250280383#1;2567671595;2567671580;0.0
250285869;2567709264;2567709276;0.0
250285871;2567709189;2567709220;0.0
250285875;cluster_2599605967_773477517;2567709296;0.0
250292616#0;2567760918;2567760906;0.0
250292616#1;2567760906;773474103;0.0
250292616#2;773474103;2567760902;0.0
250292618;2567709294;2567760906;0.0
250294198#0;2567671562;2567671615;0.0
250294198#1;2567671615;2567671595;0.0
253557194#0;cluster_1136247278_3732912605;2194131035;0.0
253557195#0;cluster_1136247278_3732912605;1136247404;0.0
253557195#1;1136247404;2631659919;0.0
253577705#0;2631627056;2650599006;0.0
253577705#1;2650599006;2193189599;0.0
254237235#0;cluster_3527866944_3527866948;2600304134;0.0
254237235#4;2600304134;2631659772;0.0
257668051#0;2178405397;cluster_3732941168_686822156;0.0
257668051#1;cluster_3732941168_686822156;11352015079;0.0
257675018#0;2631567572;3041173020;0.0
257675019#0;2631567579;cluster_2631567597_2631567598;0.0
257675020#0;cluster_686745412_686822279;cluster_2857853858_2857853861;0.0
257675024#0;686822341;686822307;0.0
257681412#0;2178405425;cluster_3041199685_9032747243;0.0
257681412#6;cluster_3041199685_9032747243;cluster_686792538_9219273655;0.0
257681412#7;cluster_686792538_9219273655;cluster_2650550957_2650598981;0.0
257681416#0;2594919186;2631627147;0.0
257681416#1;2631627147;2594919189;0.0
257681418#0;2594919186;2631627049;0.0
257681418#1;2631627049;2631627051;0.0
257681420;2631627147;2193189604;0.0
257681421#0;2594919176;2193189599;0.0
257681422;873563448;873563421;0.0
257681423;2631627056;2594919176;0.0
257681424#0;2594919189;2193189604;0.0
257681424#1;2193189604;2631627083;0.0
257681425;2193189599;2631627150;0.0
257681426;2193189599;2594919189;0.0
257681427;873563421;984993685;0.0
257681428;2594919177;2631627142;0.0
257682101#0;cluster_3041199685_9032747243;2178405386;0.0
257684420;2631659919;2631659816;0.0
257684421;2631659816;2631659772;0.0
257684424#0;cluster_1136247278_3732912605;1607909310;0.0
257684440#0;2514823345;cluster_10614936669_10614936670_10614968764;0.0
257684440#1;cluster_10614936669_10614936670_10614968764;1607909310;0.0
257684443;1607909310;cluster_1136248145_2514823343;0.0
257686504;2631675867;2631675866;0.0
257686510;2631675808;2631675802;0.0
257686867#0;cluster_686792538_9219273655;4464680094;0.0
257686867#2;4464680094;cluster_2566083644_2631675868;0.0
257686868;7123942132;7123942126;0.0
257686869#1;cluster_3041199685_9032747243;3736548196;0.0
257686869#4;3736548196;cluster_2193189449_2193189486;0.0
257686869#6;cluster_2193189449_2193189486;3736548197;0.0
257686869#8;3736548197;2631627083;0.0
257690251#0;6895300328;cluster_3275170175_3275170176;0.0
257690252#0;686822445;2631705661;0.0
257690252#1;2631705661;2631705616;0.0
257690253;2631705702;2631705665;0.0
257690256;2631705665;2631705635;0.0
257769483#1;2194182641;1136250073;0.0
257769483#2;1136250073;1136251180;0.0
259578037;2631659816;2631659919;0.0
259619727#0;3732893039;2650550947;0.0
259619727#1;2650550947;1136248247;0.0
259629354;984993696;984993685;0.0
259629365#0;933736679;6213321729;0.0
259629395;2650598984;2650598974;0.0
259629397;2631627150;2650599023;0.0
259629398;2650598973;cluster_2650550957_2650598981;0.0
259629400#0;2594919176;2650599006;0.0
259629400#1;2650599006;2631627150;0.0
259629403#0;6213321729;2650598946;0.0
259629403#3;2650598946;686822418;0.0
259629404;2650598946;2650598945;0.0
259629406#0;2631675887;2650598974;0.0
259629406#1;2650598974;2650598973;0.0
259629419#0;3265945118;2178769368;0.0
259629419#4;2178769368;3259835731;0.0
259629419#9;3259835731;933736679;0.0
259630286#1;cluster_686745412_686822279;686822339;0.0
260815106#0;2631675883;2631675887;0.0
260902999;2631705635;2631705639;0.0
260903000;2631627037;2650598989;0.0
26639693;292206234;1744429152;0.0
26640481;461890540;674273849;0.0
26640482#0;292196377;5370730243;0.0
26829325;cluster_1682185639_3045329072_3045329077_3045329080;2200286585;0.0
26829370;621447469;621447467;0.0
281810313#0;cluster_2857853858_2857853861;2631705665;0.0
281810314#0;cluster_2857853858_2857853861;cluster_686745412_686822279;0.0
281810314#5;cluster_686745412_686822279;2631567577;0.0
288104875#0;cluster_2180390976_2916459410_935539899;935539971;0.0
288104875#11;935539971;935540067;0.0
289599543#0;2565984411;1137747525;0.0
289794264#1;2933341520;2933341516;0.0
289794296#0;1225652401;1137739286;0.0
289794301#0;2933341520;2933341539;0.0
289794309#0;719065617;2188631723;0.0
295021254#0;2631705616;686822428;0.0
295021292#0;2986789482;686822458;0.0
295026431;686822483;1386606748;0.0
295190720;2514751867;2989011604;0.0
297594925;2513636765;2514751839;0.0
297594926;933736387;2514751833;0.0
297693828#0;3015897880;cluster_3015897874_3015897882;0.0
297693828#1;cluster_3015897874_3015897882;9207491387;0.0
297693829#0;686822265;7077194602;0.0
297693829#1;7077194602;686822132;0.0
297693830;cluster_3015897874_3015897882;3015897880;0.0
297693831#0;2631567555;cluster_3015897874_3015897882;0.0
297693831#2;cluster_3015897874_3015897882;686822132;0.0
297693832#0;3015897880;686822133;0.0
297693832#1;686822133;686792685;0.0
298803778#1;cluster_3041172991_9557355004;2631567555;0.0
298829210;cluster_2631567597_2631567598;2514953126;0.0
300014960;2178405380;2631675808;0.0
300016998;2650598973;2650598968;0.0
300194446;2631627083;2631627049;0.0
300336614#0;cluster_2180390976_2916459410_935539899;cluster_2916459408_2916459409;0.0
300336614#1;cluster_2916459408_2916459409;686792846;0.0
300337864;cluster_278814744_3184179587_622788780;461890540;0.0
300420688#0;674249156;935167343;0.0
300420697#0;461904686;7563472205;0.0
300444117#1;cluster_1682185639_3045329072_3045329077_3045329080;3045329100;0.0
307669477;3128741688;3128741687;0.0
319559745;3259835731;2178769368;0.0
319674205#1;715759700;719035886;0.0
319674206;717715399;1603979987;0.0
319674211#0;8605467530;7235330207;0.0
320029967#0;1137739283;cluster_1139328684_1139328775;0.0
320029967#1;cluster_1139328684_1139328775;583485303;0.0
320210933#0;461890657;1166259283;0.0
320210933#2;1166259283;715642937;0.0
320210935;878490183;717797534;0.0
320335709#3;8205734179;715642959;0.0
320335709#5;715642959;715598988;0.0
320335710;715599341;717715522;0.0
329274511;2514751892;7263815982;0.0
329274512;2514751889;2514751912;0.0
329274513;2514751833;6895300328;0.0
329274514;2514751832;2514751836;0.0
333846925#0;1137796469;1137747532;0.0
333846925#2;1137747532;2371568724;0.0
333846928;933736933;2650611266;0.0
337944379;3450194563;461889789;0.0
344154117#0;686822310;cluster_2631567597_2631567598;0.0
367568203#0;1141237597;7149376844;0.0
367568207;7149376844;686792685;0.0
367961875#0;3695350413;695556710;0.0
368742218#1;2631705661;686822428;0.0
369119776;621447458;621447467;0.0
369119777;935540105;621447458;0.0
369120424;461890547;461890549;0.0
369505146;2650550947;1136247888;0.0
369509759;cluster_3732941168_686822156;2178405427;0.0
369511431;1136250737;1136248709;0.0
369540490;2565985875;2565985880;0.0
369890247#0;1386606842;3736282268;0.0
369890247#1;3736282268;cluster_3275170175_3275170176;0.0
369890250;3736282266;3736282269;0.0
369890852#0;3736282285;3736282269;0.0
369890852#1;3736282269;2514751831;0.0
369890853;2631705727;cluster_3275170175_3275170176;0.0
369890854;cluster_3275170175_3275170176;3736282285;0.0
369915961;3736548197;3736548200;0.0
369915962;3736548193;3736548196;0.0
369917276#0;3736548200;cluster_2193189449_2193189486;0.0
369917276#2;cluster_2193189449_2193189486;3736548193;0.0
369917276#4;3736548193;cluster_686792538_9219273655;0.0
369921750#2;cluster_12094827156_12097596056;2631627060;0.0
369974155;2565984276;3737083734;0.0
369974157;3737083734;2565984276;0.0
369991621;2178317133;1682185630;0.0
370035944#0;1787861700;3737604450;0.0
370037213;7131140539;3736282279;0.0
370163291;1744429179;1744429184;0.0
370163294;3738879889;957885607;0.0
374091618;3774979558;2180390974;0.0
374428727;686822307;686822310;0.0
374924941#0;2631627051;cluster_12094827156_12097596056;0.0
374924941#2;cluster_12094827156_12097596056;3783088357;0.0
374924942;2178405450;cluster_12094827156_12097596056;0.0
376298380;715598554;715066048;0.0
376301524#2;807143059;717715399;0.0
376302312#1;715598890;717715350;0.0
376302312#2;717715350;715598472;0.0
376302313#0;715066048;715599471;0.0
376302313#2;715599471;715598890;0.0
376304856#2;719065144;719065321;0.0
376304857#0;719065398;719065211;0.0
376304857#1;719065211;719090096;0.0
376304857#2;719090096;1878842479;0.0
376304857#3;1878842479;719089768;0.0
376304857#4;719089768;719065144;0.0
376304858#0;2933341516;719065398;0.0
376334050;717688294;717687909;0.0
376334597#0;4912364265;719073238;0.0
376334597#1;719073238;715599424;0.0
376334598#1;717688277;4912364265;0.0
376336136#0;717703210;717703180;0.0
38536191;7498684946;1225881080;0.0
386165174#0;cluster_3041172991_9557355004;2600304134;0.0
386165175;cluster_3041172991_9557355004;cluster_3527866944_3527866948;0.0
388181019;cluster_2631675796_3783310974;cluster_3041172991_9557355004;0.0
38882651;cluster_3450194535_3450194536_3450194559_461891455;6570615652;0.0
38882688#0;461889789;292196375;0.0
38882688#2;674032308;674095645;0.0
38882688#3;674095645;cluster_2433850374_461889598;0.0
38882690;461890814;461891443;0.0
38882691;cluster_292199335_935539995;935540105;0.0
38882695;3265926548;292205772;0.0
38882696#0;292196375;292196376;0.0
38883323;674059121;461904640;0.0
38883328#0;461904819;461904826;0.0
38883330#0;461904770;933830814;0.0
38883332;3734564756;461904663;0.0
38883334;cluster_2433850374_461889598;6098448710;0.0
38883335#0;292205846;461904655;0.0
38883336#0;461904655;461904726;0.0
38883341#0;1631051572;461904819;0.0
38883341#1;461904819;461904770;0.0
38883341#3;461904770;292203373;0.0
38883342;461904726;cluster_3450194535_3450194536_3450194559_461891455;0.0
397738613;461891443;cluster_292199335_935539995;0.0
413607248;4148965688;4148967289;0.0
414350120;461890547;2180390944;0.0
414350121;2180390950;621447469;0.0
419681616#0;461904471;4991308032;0.0
419681616#1;4991308032;933773243;0.0
419681616#2;933773243;461904422;0.0
42373365#0;1015081907;528983519;0.0
42373365#2;528983519;772081391;0.0
434858129#0;cluster_1227155219_2178561185_7494849068;2989011604;0.0
434858130;2514751867;cluster_2514751914_2514751916;0.0
445315926#0;873563421;cluster_1287984161_935539939;0.0
445315926#3;cluster_1287984161_935539939;935540177;0.0
445315926#4;935540177;935540205;0.0
446146119#0;2631627037;2631627056;0.0
446146119#1;2631627056;2631627150;0.0
446829908;cluster_1015081917_2178560750_8983007437;2178560782;0.0
449550516#0;cluster_3731440632_686792411;5853297107;0.0
453762391;1166259270;717703109;0.0
453765043;717703109;1166259140;0.0
458434954#0;2514751925;458434954#0-AddedOffRampNode;0.0
458434954#0-AddedOffRampEdge;458434954#0-AddedOffRampNode;2514785308;0.0
458434954#1;2514785308;458434954#1-AddedOffRampNode;0.0
458434954#1-AddedOffRampEdge;458434954#1-AddedOffRampNode;2514953140;0.0
469349220#0;2631675833;2631675802;0.0
471683739;2115771445;1015027003;0.0
471687964;cluster_11724827891_8982998993_8983007427;cluster_1015081917_2178560750_8983007437;0.0
474173595#1;2631675808;cluster_2631675796_3783310974;0.0
474173596#0;cluster_1136248145_2514823343;2631502540;0.0
474538046;474538046-AddedOnRampNode;2631567561;0.0
474538046-AddedOnRampEdge;3015897888;474538046-AddedOnRampNode;0.0
475037415;461890549;873563448;0.0
483007768#0;717703161;717703081;0.0
484799626;715066056;715598988;0.0
484799628;715598866;461890752;0.0
484799632;715598666;715598866;0.0
484799634#0;715598735;717687931;0.0
484799634#2;717687931;715598666;0.0
48975951;cluster_461890965_461891404;461890814;0.0
48976681;621447469;621447458;0.0
490905312;1137739286;367090969;0.0
500725841;461904109;461904130;0.0
500726143#0;461904059;461904109;0.0
501131690#0;2631675867;7123942129;0.0
501131691#0;cluster_2566083644_2631675868;2631675883;0.0
501131692#0;cluster_2566083644_2631675868;2631675867;0.0
510022602#0;4991308032;4991308034;0.0
510022605;4991308034;4991308041;0.0
510064052;4991619327;4991619328;0.0
51720353;621447467;461890547;0.0
522386493#2;292205772;6757771316;0.0
53270003;292196376;674032308;0.0
53275488#0;674095514;674095498;0.0
53275488#2;674095498;674095746;0.0
53275489;461889785;461904059;0.0
53275493#0;674095575;674095514;0.0
53275493#3;674095514;674095470;0.0
53275525;674095498;2434322537;0.0
53275528#0;698427727;674095575;0.0
53275528#1;674095575;674095589;0.0
53275549#0;7310098900;674095645;0.0
53275556#0;2123717241;4991619327;0.0
53275556#2;4991619327;674095835;0.0
53275606#0;674095865;461904422;0.0
53292011;461904661;674249156;0.0
53293142;461904116;674273788;0.0
53293145;674273788;674273772;0.0
53293172#0;461904109;461904148;0.0
53301483#0;2200390247;674315410;0.0
53350682#0;461889584;461904471;0.0
53350683#0;8531217376;622788769;0.0
53350683#1;622788769;674095865;0.0
53350684#0;674095865;674095835;0.0
53350684#1;674095835;2123713363;0.0
53350684#5;2123713363;461889823;0.0
53350685;461904053;461904059;0.0
53350687;461904663;935167343;0.0
534227021;5181480666;4464680094;0.0
53731180;461904655;461904754;0.0
53731183#0;461904499;461904730;0.0
53731188#0;461904663;461904655;0.0
53731191#0;cluster_2433850374_461889598;461889785;0.0
545024306;278814743;5268060649;0.0
545024307;5268060649;278814743;0.0
54522308;957885607;54522308-AddedOffRampNode;0.0
54522308-AddedOffRampEdge;54522308-AddedOffRampNode;1608589870;0.0
54529204;935539989;cluster_3731440632_686792411;0.0
54532837#0;686822310;686822339;0.0
54532841#0;686822132;9207491387;0.0
54532841#1;9207491387;3015897888;0.0
54532848;686822133;686822261;0.0
54532858;686733998;2514823358;0.0
54532861#0;1141237597;686792755;0.0
54532861#1;686792755;686822264;0.0
54532861#2;686822264;686822265;0.0
54532885;686822261;7077174723;0.0
54532886#0;7077194602;7077174725;0.0
54532886#1;7077174725;686822254;0.0
54532886#2;686822254;686822255;0.0
54532887#0;7052637088;686822356;0.0
54532888#0;7052637085;1607930811;0.0
54532897#0;686822447;686822463;0.0
54532897#1;686822463;686822470;0.0
54532897#2;686822470;686822483;0.0
54532899#0;686822482;1386606748;0.0
54532899#2;1386606748;686822458;0.0
54532902#0;2631705679;54532902#0-AddedOffRampNode;0.0
54532902#0-AddedOffRampEdge;54532902#0-AddedOffRampNode;2631705727;0.0
546612506#0;6025151020;cluster_1682185639_3045329072_3045329077_3045329080;0.0
546755914;2631627150;546755914-AddedOffRampNode;0.0
546755914-AddedOffRampEdge;546755914-AddedOffRampNode;2631627179;0.0
548139424#0;715759986;1877558944;0.0
548139424#1;1877558944;719065167;0.0
550689003;773478949;966707522;0.0
550689004#0;966707522;1015027003;0.0
551856780#2;11352015079;2631626994;0.0
551856780#3;2631626994;cluster_1136248145_2514823343;0.0
551856782;1141237475;cluster_3732941168_686822156;0.0
55360544;695547387;2192559745;0.0
55361272#0;695556710;3695350413;0.0
55361274#0;695556636;695556696;0.0
55361275#0;695556663;695556636;0.0
55361279#0;cluster_292199335_935539995;695556663;0.0
55361279#1;695556663;695556675;0.0
55361355;695546930;695559961;0.0
553672817;cluster_2650550957_2650598981;2650598968;0.0
553672819;2650598989;cluster_2650550957_2650598981;0.0
55565348#0;698427727;674095528;0.0
556805450;5370730242;cluster_461890965_461891404;0.0
556805451;9207491385;292206234;0.0
57718353#0;715066056;715598754;0.0
57718353#2;715598754;715598943;0.0
57718353#3;715598943;717687909;0.0
57721141#0;715642804;715643058;0.0
57721141#3;715643058;715642974;0.0
57721147#0;7117278395;715643096;0.0
57721147#3;715643096;7245842595;0.0
57721148#0;695546930;695547387;0.0
57721150#0;461890663;2194490123;0.0
57721155#0;715643096;1136247156;0.0
57721158#0;461890687;717702973;0.0
57721158#2;717702973;717703168;0.0
57847528#0;717688229;717688242;0.0
57847528#1;717688242;717688277;0.0
57847532;10746724296;717688242;0.0
57847533;715598943;717688157;0.0
57847535#1;717688148;cluster_717688002_717688319;0.0
57847541#0;715642959;717688148;0.0
57847542#0;715598889;717688123;0.0
57847542#1;717688123;717688307;0.0
57847543#0;715599269;6856734102;0.0
57847543#1;6856734102;717688245;0.0
57847544;717687926;cluster_717688002_717688319;0.0
57847546#0;715599400;717688247;0.0
57847550#0;717688132;715598580;0.0
57849895#0;717703036;717703136;0.0
57849895#5;717703136;717703125;0.0
57849896#0;715642781;717703081;0.0
57849896#6;717703081;2194461252;0.0
57849902;717703109;2514823358;0.0
57849904;715598580;717688132;0.0
57849905;717703175;715643058;0.0
57851094;717715391;1139093474;0.0
57851101#0;717715269;717715340;0.0
57851107#0;cluster_715598886_715599315;717715343;0.0
57851107#4;717715343;717715391;0.0
57851107#5;717715391;461890657;0.0
57851112#0;cluster_715598886_715599315;717715269;0.0
57851112#1;717715269;2192774322;0.0
57853979#0;717797615;717797509;0.0
57853979#1;717797509;717797555;0.0
57853979#2;717797555;717797493;0.0
57853979#3;717797493;717797647;0.0
57853979#4;717797647;717797593;0.0
57853979#6;717797593;717797544;0.0
57853980;717797543;717797477;0.0
57853981#0;717797671;717797593;0.0
57853982;717797679;717797544;0.0
57853985#0;717797555;2195004461;0.0
57853985#1;2195004461;717797504;0.0
57853986#0;717797490;717797543;0.0
57853986#1;717797543;717797493;0.0
57941238;cluster_719035896_719035941;719035844;0.0
57941247#0;719035886;719035817;0.0
57941248#0;1880422307;719035817;0.0
57941248#2;719035817;cluster_719035896_719035941;0.0
57942571#0;719065596;719065547;0.0
57942571#1;719065547;719065141;0.0
57942572#0;719065216;719065639;0.0
57942572#4;719065639;719065539;0.0
57942572#7;719065539;719065386;0.0
57942572#8;719065386;719073219;0.0
57942572#9;719073219;719073292;0.0
57942574#0;719065601;cluster_12065174404_719065610;0.0
57942574#2;cluster_12065174404_719065610;719065294;0.0
57942575;cluster_719065275_719065663;719065653;0.0
57942576#0;719065182;719065190;0.0
57942576#1;719065190;719090102;0.0
57942577#0;719065550;cluster_719065391_719065476;0.0
57942578;719065167;728269795;0.0
57942580#0;719065674;1444975371;0.0
57942580#1;1444975371;719065150;0.0
57942582#0;719065504;719065547;0.0
57942583;cluster_719065307_719065650;719065134;0.0
57942584#0;367090915;807103605;0.0
57942584#1;807103605;719065254;0.0
57942585#0;719065254;719065602;0.0
57942585#4;719065602;2161043716;0.0
57942587;719065600;719065125;0.0
57942589;719035974;719065507;0.0
57942590#0;719065306;719065538;0.0
57942590#2;719065538;719065182;0.0
57942590#3;719065182;719065299;0.0
57942591#0;cluster_719065391_719065476;719065305;0.0
57942593#0;719065639;719065141;0.0
57942593#1;719065141;719065281;0.0
57942594#10;725402764;719073378;0.0
57942594#11;719073378;cluster_719073240_725402842;0.0
57942594#17;cluster_719073240_725402842;719073378;0.0
57942594#2;719065617;725402903;0.0
57942594#5;725402903;725402764;0.0
57942596;719065538;719065190;0.0
57942597#0;715759986;cluster_719065130_719065551;0.0
57942597#1;cluster_719065130_719065551;728269780;0.0
57942605;728245360;719065653;0.0
57942607#0;719065191;719065539;0.0
57942607#1;719065539;719065582;0.0
57942608#0;719065615;6842513226;0.0
57942608#1;6842513226;cluster_719065307_719065650;0.0
57942609;719065281;cluster_719065275_719065663;0.0
57942610#0;719065657;719065463;0.0
57942610#1;719065463;719065295;0.0
57942611;719065678;719065504;0.0
57942612;cluster_719065130_719065551;719065515;0.0
57942613#0;719065386;10175990392;0.0
57942613#1;10175990392;719065207;0.0
57942614#1;728269795;715759700;0.0
57942616;719065619;719065596;0.0
57942617#0;715759640;719089924;0.0
57944212;1444975192;cluster_719065391_719065476;0.0
57944217;719068663;719065179;0.0
57945270;719070631;7926290231;0.0
57945271#0;34522821;719065602;0.0
57945273#0;719070588;719070625;0.0
57946631;719073337;719073219;0.0
57946632#0;719073388;1878842818;0.0
57946632#2;1878842818;719065144;0.0
57946633#0;7463104426;9236463293;0.0
57946633#1;9236463293;719073294;0.0
57946635#0;719073341;719073238;0.0
57947755#0;719078917;719078912;0.0
57949095;719065211;719089955;0.0
57949099;719089921;719090096;0.0
57949103;719065375;9797916461;0.0
57949108;1878842479;719090113;0.0
58530583#0;725402764;cluster_719073240_725402842;0.0
58530583#1;cluster_719073240_725402842;725402881;0.0
58530584#0;725402903;725402898;0.0
58610501;461890677;1166259091;0.0
58610671;717702981;717703136;0.0
58611080#0;715599400;715599269;0.0
58611080#1;715599269;cluster_717688002_717688319;0.0
58611080#4;cluster_717688002_717688319;715598580;0.0
58611080#8;715598580;715598889;0.0
58611080#9;715598889;715598735;0.0
58613566;715598988;715599400;0.0
58640494#0;726579243;728245332;0.0
58640494#5;728245332;1225652322;0.0
58759625#0;717797646;717797490;0.0
58759625#3;717797490;717797647;0.0
58759626;728245332;728245333;0.0
58760422#0;719065254;719065305;0.0
58760424#0;719065600;719065187;0.0
58760425#0;719065504;719065299;0.0
58760426#0;cluster_719065391_719065476;719065179;0.0
58760426#1;719065179;719065600;0.0
58760427#0;719065306;719065375;0.0
58760427#3;719065375;719065398;0.0
58760429;719065305;367090919;0.0
58760435#0;719065622;719065150;0.0
58760435#2;719065150;719065187;0.0
58760435#3;719065187;719065463;0.0
58760436;367090919;719065305;0.0
58760437#0;719070610;7463104426;0.0
58760437#1;7463104426;719070588;0.0
58760437#2;719070588;2161043716;0.0
58760438;719065281;719065504;0.0
58760439#0;719035886;719035974;0.0
58760439#4;719035974;cluster_719035896_719035941;0.0
58760439#7;cluster_719035896_719035941;1893385820;0.0
58761217#0;719065590;728273115;0.0
58761606;728273068;728272962;0.0
58761607;cluster_719065130_719065551;728269795;0.0
608702035;2663750270;2631675883;0.0
61934860#0;772081192;772081205;0.0
61934872#0;772081266;528983519;0.0
61934872#1;528983519;2115907069;0.0
61934876;772081298;1026436953;0.0
62032407;1017730962;1017730972;0.0
62055379#0;cluster_2599605967_773477517;773477546;0.0
62055665#0;1017730972;1025971463;0.0
62055665#1;1025971463;cluster_1025974314_773477526;0.0
622364503;717797615;367090919;0.0
622364504;7498684946;34522818;0.0
625024452;2178561190;367090965;0.0
625171738;5370730242;5370730244;0.0
625171739;9207491385;1744429152;0.0
625171740;2631705665;2631705639;0.0
625171741;2631705679;2631705702;0.0
625171742;2631705639;2631705679;0.0
625171743;cluster_1806300407_1806300409_3270445169_6571000354;367090969;0.0
625171744;367090965;cluster_1806300407_1806300409_3270445169_6571000354;0.0
629516620;3265945118;7147348420;0.0
629516621#0;686822106;686822076;0.0
629516621#2;686822076;2565984276;0.0
639294331;4728913615;418762926;0.0
66755324#0;717703125;717703025;0.0
66755326;717703036;717703168;0.0
66755328#0;717688148;807082798;0.0
66758835#0;719065299;719065182;0.0
66758842#0;719065299;1878842397;0.0
66758842#1;1878842397;719065306;0.0
66758853;719065596;7193754749;0.0
66758870#0;807103605;1387795297;0.0
66758871#0;719065653;cluster_12065174404_719065610;0.0
66758871#1;cluster_12065174404_719065610;719065294;0.0
66758871#2;719065294;6815005443;0.0
671725464#0;966707429;1015076556;0.0
671725468#0;1015076556;cluster_11724827891_8982998993_8983007427;0.0
671725470#0;8983007420;8983007419;0.0
671725470#1;8983007419;1015076556;0.0
671725483#0;941384561;1015102221;0.0
671725483#1;1015102221;941384576;0.0
688590311;935444374;7215523255;0.0
688590312;461904686;3045103536;0.0
688590313#1;7563472205;461904686;0.0
689437018#0;933736165;2631705702;0.0
689437019#0;2631705727;1386606842;0.0
690511446;6478384026;6478384029;0.0
699706211;6570615652;6570615651;0.0
699762287;34522818;1225881125;0.0
700553431#1;cluster_1225652382_6578749326;1225652401;0.0
700553431#2;1225652401;1225652520;0.0
700553432#0;cluster_1225652382_6578749326;1225880659;0.0
700553432#1;1225880659;1225946577;0.0
700553432#2;1225946577;1225880607;0.0
700553433;1225880746;1225881390;0.0
700553434#0;1225652520;cluster_7181120639_9207664593;0.0
700553434#1;cluster_7181120639_9207664593;1137739287;0.0
710881906;7123942132;6683423211;0.0
717838603#1;cluster_1137796477_7442733598;1137796469;0.0
717838604#0;686822108;686822106;0.0
727714808#1;674095470;1145134909;0.0
727715074#0;4991308041;461889584;0.0
727715074#1;461889584;1769507901;0.0
727715074#2;1769507901;461889823;0.0
727715074#3;461889823;292203373;0.0
727715247;461904130;6098448710;0.0
727715249;cluster_2433850374_461889598;4991308041;0.0
727715779;6570615652;3450194563;0.0
727715780;3450194566;461904499;0.0
730423880;6842513226;6842513227;0.0
731154055;1141849861;6848306614;0.0
731748988;6852421464;719035768;0.0
732257382;6856734102;6856734103;0.0
736477243#0;6895300328;7131140539;0.0
736477243#1;7131140539;2195004213;0.0
737565192;461889785;461889998;0.0
73813922#1;cluster_686792839_935539954;2435698202;0.0
73813922#2;2435698202;686792846;0.0
73813922#3;686792846;cluster_2916459408_2916459409;0.0
73813922#4;cluster_2916459408_2916459409;3774979558;0.0
73813922#6;3774979558;2180390975;0.0
73813922#7;2180390975;cluster_292199335_935539995;0.0
73813928#0;935562868;3128741687;0.0
73813928#1;3128741687;873563428;0.0
73814457#0;686792755;686822087;0.0
757783480#0;719065305;719065254;0.0
757805116#0;686822261;686822254;0.0
757805116#1;686822254;686822264;0.0
757805117;686822261;686822252;0.0
757805118#0;7124599605;7077174723;0.0
757805118#1;7077174723;7077174725;0.0
757805118#2;7077174725;7077174727;0.0
757849609;3736282281;1386606842;0.0
759999001#0;717688233;717688229;0.0
759999001#1;717688229;717687926;0.0
759999001#2;717687926;717688247;0.0
759999001#3;717688247;715598754;0.0
760003965#1;2195004213;686792766;0.0
760194461#0;3415489690;686822482;0.0
761504991;7114821228;7114821233;0.0
761772608#1;461890609;1139273351;0.0
761929572#0;461904116;292196376;0.0
762424120;7123942129;7123942132;0.0
765654816;7150889513;717725023;0.0
769274805#0;cluster_7181120639_9207664593;2989024645;0.0
769274806#0;1137739283;1137739287;0.0
770209172;719070625;2566251116;0.0
770209173#0;34522821;878490183;0.0
770209174#2;717797534;367090915;0.0
770214427;367090915;717797615;0.0
772169722#1;935540205;935540077;0.0
772169722#4;935540077;cluster_686792839_935539954;0.0
77595005#0;773475015;912992789;0.0
77595005#1;912992789;773474103;0.0
776158544;717702985;717703180;0.0
778283406;2514751838;7263815983;0.0
778283407;2514751836;2514751838;0.0
778283409;2514751839;933736387;0.0
778283411;7263815982;2513636765;0.0
778283412;7263815983;7263815984;0.0
778283413;7263815984;2514751889;0.0
778289602#0;2194461203;9122924885;0.0
778289603;2194461252;9122924884;0.0
788234543#1;461890687;1166259066;0.0
788239918;1166259305;1166259041;0.0
788239919;1166259305;1166259091;0.0
792454553;717687931;717688123;0.0
795719889;cluster_1137796477_7442733598;1137796465;0.0
80030499;1136247885;cluster_3732941168_686822156;0.0
80030500#0;2371568724;11246707151;0.0
80030500#3;11246707151;11246707154;0.0
80030500#4;11246707154;686822445;0.0
80030500#5;686822445;686822447;0.0
80030501#0;2371568724;933736933;0.0
80030524#0;cluster_2857853858_2857853861;686792765;0.0
80030528#0;686792766;1787861700;0.0
80030528#1;1787861700;1787861760;0.0
80030529#0;7147348420;cluster_1137796476_1175124365;0.0
80030529#3;cluster_1137796476_1175124365;686822108;0.0
80037087;933773243;9462815473;0.0
80043006#0;292203373;674095470;0.0
80043007#0;292203373;674095746;0.0
80043007#5;674095746;622788769;0.0
80043010;292206234;3450194563;0.0
80043567#0;278814366;292203437;0.0
80043569#0;461889584;7310098900;0.0
80043569#2;7310098900;877641031;0.0
801658884#0;1139328824;966707418;0.0
80180118;4993840794;935445302;0.0
80180136#0;935444374;4993840794;0.0
80180136#1;4993840794;3734596794;0.0
80186390#0;935540069;935539878;0.0
80186390#1;935539878;935540162;0.0
80186391#0;935539896;935539900;0.0
80186391#1;935539900;935539991;0.0
80186392#0;935539971;935539940;0.0
80186393#0;935540128;935539878;0.0
80186393#1;935539878;935540077;0.0
80186395;935540077;935539878;0.0
80186398#0;2435698202;935540087;0.0
80186399#0;cluster_1287984161_935539939;935539896;0.0
80186399#1;935539896;1287942165;0.0
80186400#0;935540205;935540128;0.0
80186400#2;935540128;935540105;0.0
80186401#0;935540177;935539900;0.0
80186401#3;935539900;1287937059;0.0
80186402#0;935540048;935540067;0.0
80186402#1;935540067;935539940;0.0
80186402#2;935539940;6801080072;0.0
80701370;941289377;772081205;0.0
80718334#0;2118557838;cluster_1025974314_773477526;0.0
80718334#2;cluster_1025974314_773477526;1025971475;0.0
80718334#3;1025971475;773238807;0.0
808856245#0;7563472205;674249156;0.0
809305602;2631627179;695546930;0.0
809589706;674273849;674273772;0.0
809589715;278814743;cluster_278814744_3184179587_622788780;0.0
812894797;715642937;7114821228;0.0
812894798;461890663;7114821233;0.0
812894799#0;7114821228;461890663;0.0
815624102#1;2514953140;686792771;0.0
819426316#0;cluster_3527866944_3527866948;3041173013;0.0
819426316#1;3041173013;cluster_2631675796_3783310974;0.0
820883077;674273772;292196377;0.0
822407114;cluster_3275170175_3275170176;933736165;0.0
82257670;1675451832;893925052;0.0
82265759#0;686792403;873563428;0.0
82265759#11;935540087;cluster_686792839_935539954;0.0
82265759#6;873563428;cluster_3731440632_686792411;0.0
82265759#8;cluster_3731440632_686792411;935540087;0.0
82266118;958073257;cluster_686792839_935539954;0.0
827459315;461890693;1166259270;0.0
827459319#1;461890752;7150889513;0.0
83091470#0;8983007420;773478949;0.0
83091478#0;966707522;cluster_2599605967_773477517;0.0
83091478#3;cluster_2599605967_773477517;912992789;0.0
83091479;34522808;966707522;0.0
83091492;583485303;429459536;0.0
84838823;2650599023;461890609;0.0
860097912#0;cluster_719065275_719065663;719065678;0.0
860097914#0;1141849861;719065216;0.0
860097914#1;719065216;cluster_719065275_719065663;0.0
863812553#1;461904661;7215523255;0.0
863812553#2;7215523255;461904680;0.0
87308466#0;1015102312;1015081921;0.0
87352910#0;1015822839;1015817081;0.0
87352912;1015817086;941289377;0.0
87353269;1015822860;1015822846;0.0
87368211;941308143;1015102221;0.0
87371053;1016030000;1016030004;0.0
87371081#0;1015097417;772081391;0.0
87371081#1;772081391;1016040547;0.0
87371081#2;1016040547;772081266;0.0
87371081#3;772081266;1016030000;0.0
87371681;1016040645;1016040531;0.0
877476308;1227155314;1137739286;0.0
87918603;957885607;1677045561;0.0
88324894#0;1025954475;1025954477;0.0
88324894#1;1025954477;2567631180;0.0
88324895;1025954477;773238806;0.0
88325495;1025971463;1025971475;0.0
88325569;2118536995;cluster_1025974314_773477526;0.0
88325571#0;2116515427;2567631151;0.0
88325571#2;2567631151;1025976339;0.0
887829177;2200390247;cluster_278814744_3184179587_622788780;0.0
903757101;5268060649;4148965688;0.0
904367560#6;715759640;715759986;0.0
970328153;34522818;1227155314;0.0
970615841#0;6290166912;11724827889;0.0
970615841#1;11724827889;cluster_11724827885_8982998989_8982998992;0.0
970615841#2;cluster_11724827885_8982998989_8982998992;cluster_11724827891_8982998993_8983007427;0.0
970615843;cluster_11724827885_8982998989_8982998992;6290166912;0.0
970615844#0;2115660450;8983007420;0.0
970615845#1;cluster_11724827877_11724827878;cluster_11724827891_8982998993_8983007427;0.0
970615845#3;cluster_11724827891_8982998993_8983007427;cluster_11724827885_8982998989_8982998992;0.0
970615847;cluster_1015081917_2178560750_8983007437;cluster_11724827877_11724827878;0.0
976064441;2631627047;9032747232;0.0
976064443;cluster_2650550957_2650598981;2631627037;0.0
976064861;695546930;984993696;0.0
98219769#0;1136253326;1136247047;0.0
98219769#1;1136247047;1136247588;0.0
98219775#0;2594919177;1136247945;0.0
98219775#1;1136247945;1136247885;0.0
98219775#2;1136247885;1136247274;0.0
98219775#4;1136247274;1136247229;0.0
98219792#0;1136247229;3732978330;0.0
98219792#1;3732978330;2194182641;0.0
98219801;1136247053;1136253012;0.0
98219816#0;1136247274;1136248943;0.0
98219822;1136249892;1136250469;0.0
98219880#0;1136250085;1136247565;0.0
98219885;1136252872;1136251266;0.0
98219983#0;1136250013;2194112290;0.0
98220000#0;1136248709;1136252444;0.0
98220000#1;1136252444;1136253669;0.0
98220000#2;1136253669;1136247201;0.0
98220020#0;2194065380;1136252872;0.0
98220020#1;1136252872;1136247071;0.0
98220020#2;1136247071;1136251380;0.0
98220020#3;1136251380;1136253669;0.0
98220020#4;1136253669;1136250957;0.0
98220020#5;1136250957;1136247053;0.0
98220020#6;1136247053;cluster_1136247008_2650550123;0.0
98220029#0;1136251695;1136247667;0.0
98220029#1;1136247667;9027828595;0.0
98220043#0;1136251180;1136248247;0.0
98220043#11;2650550082;2631502540;0.0
98220043#3;1136248247;1136250386;0.0
98220043#4;1136250386;1136250013;0.0
98220043#5;1136250013;1136246861;0.0
98220063#0;1136251042;1136251828;0.0
98220063#1;1136251828;1136247071;0.0
98220063#2;1136247071;9140151985;0.0
98220083#0;1136250599;1136251740;0.0
98220083#1;1136251740;3732978330;0.0
98220101#0;1136247229;1136250599;0.0
98220101#1;1136250599;1136252185;0.0
98220101#2;1136252185;1136253242;0.0
98220101#3;1136253242;2194065380;0.0
98220101#5;2194065380;1136253791;0.0
98220110#0;2194182641;1136247118;0.0
98220110#1;1136247118;1136247498;0.0
98220110#2;1136247498;1136250957;0.0
98220110#3;1136250957;1136251148;0.0
98220127#0;1136252185;1136251042;0.0
98220127#2;1136251042;1136249892;0.0
98220127#3;1136249892;1136248709;0.0
98220127#4;1136248709;1136247118;0.0
98220127#5;1136247118;1136250462;0.0
98220127#6;1136250462;1136253326;0.0
98220127#7;1136253326;1136250386;0.0
98220196;1136252612;1136250462;0.0
98220203#0;1136252704;1136251380;0.0
98220203#1;1136251380;2650550115;0.0
98220244#0;1136248247;2650550947;0.0
98220310#0;1136251180;1136247888;0.0
98220310#1;1136247888;cluster_1136247278_3732912605;0.0
98220335#0;1136247201;1136251148;0.0
98220335#1;1136251148;1136253012;0.0
98220346;1136251740;1136249892;0.0
98220356;1136247945;1136247565;0.0
98220400#0;1136253791;1136251266;0.0
98220400#1;1136251266;9140151985;0.0
98220400#2;9140151985;2650550115;0.0
98220400#3;2650550115;1136247322;0.0
98220434#0;1136250073;1136253326;0.0
98220441#0;1136253242;1136251828;0.0
98220441#2;1136251828;1136252704;0.0
98220441#3;1136252704;1136252444;0.0
98220441#4;1136252444;1136247498;0.0
98220441#5;1136247498;1136247667;0.0
98220441#6;1136247667;1136247047;0.0
98220441#7;1136247047;1136246861;0.0
98220463#0;1136250910;3818266847;0.0
98220480;cluster_1136247008_2650550123;2194272896;0.0
98341500#0;1137747525;1137796489;0.0
98341500#3;1137796489;686822076;0.0
98341503#0;3265945118;1137747540;0.0
98341506;1137747540;11191108354;0.0
98341509#0;686822108;1137796474;0.0
98341509#1;1137796474;1137796464;0.0
98341509#2;1137796464;1137796480;0.0
98341509#3;1137796480;1137747546;0.0
98347793;1137796478;cluster_1137796477_7442733598;0.0
98347794#0;1137796480;1137796453;0.0
98347794#2;1137796453;cluster_1137796477_7442733598;0.0
98347796#0;1137796496;1137796478;0.0
98347796#3;1137796478;1137796461;0.0
98347796#4;1137796461;1137796464;0.0
98347797#0;1137796451;1137796457;0.0
98347798#0;1137796489;1137796457;0.0
98347798#1;1137796457;1137796474;0.0
98347800#0;1137796468;1137796453;0.0
98347800#1;1137796453;1137796461;0.0
98347800#2;1137796461;cluster_1137796476_1175124365;0.0
98468131;717715343;717715400;0.0
98468227#0;1139247169;1136247565;0.0
98471723;1139273351;461890657;0.0
98478501;1139328958;1139328648;0.0
98478503#0;1139328824;cluster_1139328684_1139328775;0.0
98478504#0;9365011268;1139328648;0.0
98478504#2;1139328648;1139328958;0.0
98478504#3;1139328958;1137739287;0.0
98478508#0;cluster_7181120639_9207664593;7180820612;0.0
98646845#0;686822265;cluster_686745412_686822279;0.0
98646868#0;686792685;686822252;0.0
98646868#2;686822252;686822255;0.0
98646868#3;686822255;686792755;0.0
987918686;461890549;1287930386;0.0
98928472#0;461904148;461904053;0.0
98928472#1;461904053;461889998;0.0
98928472#2;461889998;461904422;0.0
996773138;9122924885;717703050;0.0
996773139;9122924884;9122924885;0.0
996773140;9122924884;2194461203;0.0
997141696;5370730244;2200430661;0.0
997141697;2200430661;cluster_461890965_461891404;0.0
997141698;5370730243;9207491385;0.0
997141699;985045838;2650599023;0.0
997141700;2631627142;2594919186;0.0
997141701#0;2631627051;2631627060;0.0
997141701#1;2631627060;2631627142;0.0
997141702;2631627060;2594919177;0.0
997141703;2178405388;2178405397;0.0
997141704;2178405380;2178405388;0.0
997141705;2178405386;2178405380;0.0
997141706;2178405425;2178405386;0.0
997141707;3783088357;2178405425;0.0
997141708;2178405450;3783088357;0.0
997141709;2178405427;2178405450;0.0
997141710#0;997141710#0-AddedOnRampNode;cluster_686792538_9219273655;0.0
997141710#0-AddedOnRampEdge;2650598968;997141710#0-AddedOnRampNode;0.0
997141710#2;cluster_686792538_9219273655;cluster_3041199685_9032747243;0.0
997141711#0;cluster_2566083644_2631675868;5181480666;0.0
997141711#1;5181480666;cluster_3041199685_9032747243;0.0
997141712#0;2631675802;cluster_2631675796_3783310974;0.0
997141713#0;cluster_2631675796_3783310974;2178405388;0.0
997141715;2631567577;2631567579;0.0
997141719;686822418;6087903962;0.0
997141720#0;11246707151;6087903962;0.0
997141720#1;6087903962;2650598945;0.0
997141720#2;2650598945;933736679;0.0
997141723#0;686792765;686822356;0.0
997141723#1;686822356;1607930811;0.0
997141724#0;686822341;686792765;0.0
997141727#0;2631659772;cluster_2631567597_2631567598;0.0
997143913;1744429152;5370730242;0.0
997152398;686822339;686822341;0.0
997152400#0;2631567564;cluster_686745412_686822279;0.0
997152401;2631675883;4464966904;0.0
997152403;2631627047;2650598989;0.0
997152404;997152404-AddedOnRampNode;997152404-AddedOffRampNode;0.0
997152404-AddedOffRampEdge;997152404-AddedOffRampNode;2631627047;0.0
997152404-AddedOnRampEdge;984993685;997152404-AddedOnRampNode;0.0
997152405;873563448;985045838;0.0
997160554;cluster_1806300407_1806300409_3270445169_6571000354;1137739283;0.0
997160556;1225652322;726579220;0.0
997160557#0;1225881080;2179728424;0.0
997160557#2;2179728424;726562086;0.0
997160557#3;726562086;719065615;0.0
997160558;367090919;7498684946;0.0
98220043#6;1136246861;1136250910;45839
155864747;1682185630;294519414;45750
376301515;715599085;715598554;30317
376301518#0;715598554;807143059;24838
-376301515;715598554;715599085;12816
